ISO-10303-21;
HEADER;
/* Generated by software containing ST-Developer
 * from STEP Tools, Inc. (www.steptools.com) 
 */

FILE_DESCRIPTION(
/* description */ (''),
/* implementation_level */ '2;1');

FILE_NAME(
/* name */ 'LlewsHackpad.step',
/* time_stamp */ '2026-08-19T22:19:58+12:00',
/* author */ (''),
/* organization */ (''),
/* preprocessor_version */ 'ST-DEVELOPER v20.1',
/* originating_system */ 'Autodesk Translation Framework v15.8.0.0',
/* authorisation */ '');

FILE_SCHEMA (('AUTOMOTIVE_DESIGN { 1 0 10303 214 3 1 1 }'));
ENDSEC;

DATA;
#10=MECHANICAL_DESIGN_GEOMETRIC_PRESENTATION_REPRESENTATION('',(#13,#14,
#15),#5099);
#11=SHAPE_REPRESENTATION_RELATIONSHIP('SRR','None',#5106,#12);
#12=ADVANCED_BREP_SHAPE_REPRESENTATION('',(#16,#17,#18),#5098);
#13=STYLED_ITEM('',(#5115),#16);
#14=STYLED_ITEM('',(#5115),#17);
#15=STYLED_ITEM('',(#5115),#18);
#16=MANIFOLD_SOLID_BREP('Body1',#3033);
#17=MANIFOLD_SOLID_BREP('Body6',#3034);
#18=MANIFOLD_SOLID_BREP('Body7',#3035);
#19=CYLINDRICAL_SURFACE('',#3070,4.99999999999999);
#20=CYLINDRICAL_SURFACE('',#3072,5.00000000000002);
#21=CYLINDRICAL_SURFACE('',#3074,4.99999999999999);
#22=CYLINDRICAL_SURFACE('',#3076,5.00000000000001);
#23=CYLINDRICAL_SURFACE('',#3079,10.);
#24=CYLINDRICAL_SURFACE('',#3082,10.);
#25=CYLINDRICAL_SURFACE('',#3085,9.99999999999999);
#26=CYLINDRICAL_SURFACE('',#3088,9.99999999999999);
#27=CYLINDRICAL_SURFACE('',#3090,1.7);
#28=CYLINDRICAL_SURFACE('',#3093,1.7);
#29=CYLINDRICAL_SURFACE('',#3096,1.7);
#30=CYLINDRICAL_SURFACE('',#3099,1.7);
#31=CYLINDRICAL_SURFACE('',#3166,2.35);
#32=CYLINDRICAL_SURFACE('',#3169,2.35);
#33=CYLINDRICAL_SURFACE('',#3172,2.35);
#34=CYLINDRICAL_SURFACE('',#3175,2.35);
#35=CYLINDRICAL_SURFACE('',#3218,0.499999999999998);
#36=CYLINDRICAL_SURFACE('',#3220,0.500000000000007);
#37=CYLINDRICAL_SURFACE('',#3222,0.499999999999998);
#38=CYLINDRICAL_SURFACE('',#3224,0.499999999999989);
#39=CYLINDRICAL_SURFACE('',#3226,0.499999999999998);
#40=CYLINDRICAL_SURFACE('',#3228,0.499999999999989);
#41=CYLINDRICAL_SURFACE('',#3230,0.499999999999998);
#42=CYLINDRICAL_SURFACE('',#3232,0.500000000000007);
#43=CYLINDRICAL_SURFACE('',#3234,0.499999999999998);
#44=CYLINDRICAL_SURFACE('',#3236,0.500000000000005);
#45=CYLINDRICAL_SURFACE('',#3238,0.499999999999998);
#46=CYLINDRICAL_SURFACE('',#3240,0.500000000000007);
#47=CYLINDRICAL_SURFACE('',#3242,0.499999999999998);
#48=CYLINDRICAL_SURFACE('',#3244,0.500000000000007);
#49=CYLINDRICAL_SURFACE('',#3246,0.499999999999998);
#50=CYLINDRICAL_SURFACE('',#3248,0.499999999999989);
#51=CYLINDRICAL_SURFACE('',#3250,0.499999999999998);
#52=CYLINDRICAL_SURFACE('',#3252,0.500000000000005);
#53=CYLINDRICAL_SURFACE('',#3254,0.499999999999998);
#54=CYLINDRICAL_SURFACE('',#3256,0.500000000000007);
#55=CYLINDRICAL_SURFACE('',#3258,0.499999999999989);
#56=CYLINDRICAL_SURFACE('',#3260,0.499999999999989);
#57=CYLINDRICAL_SURFACE('',#3262,0.500000000000003);
#58=CYLINDRICAL_SURFACE('',#3264,0.500000000000007);
#59=CYLINDRICAL_SURFACE('',#3266,0.499999999999989);
#60=CYLINDRICAL_SURFACE('',#3268,0.500000000000007);
#61=CYLINDRICAL_SURFACE('',#3270,0.500000000000003);
#62=CYLINDRICAL_SURFACE('',#3272,0.499999999999989);
#63=CYLINDRICAL_SURFACE('',#3275,0.499999999999989);
#64=CYLINDRICAL_SURFACE('',#3277,0.500000000000005);
#65=CYLINDRICAL_SURFACE('',#3279,0.500000000000003);
#66=CYLINDRICAL_SURFACE('',#3281,0.500000000000007);
#67=CYLINDRICAL_SURFACE('',#3283,0.499999999999998);
#68=CYLINDRICAL_SURFACE('',#3285,0.499999999999989);
#69=CYLINDRICAL_SURFACE('',#3287,0.499999999999998);
#70=CYLINDRICAL_SURFACE('',#3289,0.500000000000007);
#71=CYLINDRICAL_SURFACE('',#3291,5.00000000000002);
#72=CYLINDRICAL_SURFACE('',#3294,4.99999999999999);
#73=CYLINDRICAL_SURFACE('',#3297,5.);
#74=CYLINDRICAL_SURFACE('',#3300,5.);
#75=CYLINDRICAL_SURFACE('',#3302,9.99999999999999);
#76=CYLINDRICAL_SURFACE('',#3304,10.);
#77=CYLINDRICAL_SURFACE('',#3306,10.);
#78=CYLINDRICAL_SURFACE('',#3308,9.99999999999999);
#79=CYLINDRICAL_SURFACE('',#3310,2.35);
#80=CYLINDRICAL_SURFACE('',#3313,2.35);
#81=CYLINDRICAL_SURFACE('',#3316,2.35);
#82=CYLINDRICAL_SURFACE('',#3319,2.35);
#83=CYLINDRICAL_SURFACE('',#3323,5.);
#84=CYLINDRICAL_SURFACE('',#3327,5.);
#85=CYLINDRICAL_SURFACE('',#3331,5.);
#86=CYLINDRICAL_SURFACE('',#3335,5.00000000000001);
#87=FACE_BOUND('',#423,.T.);
#88=FACE_BOUND('',#450,.T.);
#89=FACE_BOUND('',#451,.T.);
#90=FACE_BOUND('',#452,.T.);
#91=FACE_BOUND('',#453,.T.);
#92=FACE_BOUND('',#455,.T.);
#93=FACE_BOUND('',#456,.T.);
#94=FACE_BOUND('',#457,.T.);
#95=FACE_BOUND('',#458,.T.);
#96=FACE_BOUND('',#461,.T.);
#97=FACE_BOUND('',#462,.T.);
#98=FACE_BOUND('',#463,.T.);
#99=FACE_BOUND('',#464,.T.);
#100=FACE_BOUND('',#465,.T.);
#101=FACE_BOUND('',#472,.T.);
#102=FACE_BOUND('',#473,.T.);
#103=FACE_BOUND('',#474,.T.);
#104=FACE_BOUND('',#475,.T.);
#105=FACE_BOUND('',#476,.T.);
#106=FACE_BOUND('',#477,.T.);
#107=FACE_BOUND('',#478,.T.);
#108=FACE_BOUND('',#479,.T.);
#109=FACE_BOUND('',#480,.T.);
#110=FACE_BOUND('',#481,.T.);
#111=FACE_BOUND('',#491,.T.);
#112=FACE_BOUND('',#492,.T.);
#113=FACE_BOUND('',#493,.T.);
#114=FACE_BOUND('',#494,.T.);
#115=FACE_BOUND('',#495,.T.);
#116=FACE_BOUND('',#496,.T.);
#117=FACE_BOUND('',#497,.T.);
#118=FACE_BOUND('',#498,.T.);
#119=FACE_BOUND('',#499,.T.);
#120=FACE_BOUND('',#606,.T.);
#121=FACE_BOUND('',#607,.T.);
#122=FACE_BOUND('',#608,.T.);
#123=FACE_BOUND('',#609,.T.);
#124=FACE_BOUND('',#611,.T.);
#125=FACE_BOUND('',#612,.T.);
#126=FACE_BOUND('',#613,.T.);
#127=FACE_BOUND('',#614,.T.);
#128=CIRCLE('',#3053,9.99999999999999);
#129=CIRCLE('',#3054,9.99999999999999);
#130=CIRCLE('',#3055,10.);
#131=CIRCLE('',#3056,10.);
#132=CIRCLE('',#3057,4.99999999999999);
#133=CIRCLE('',#3058,5.00000000000002);
#134=CIRCLE('',#3059,5.00000000000001);
#135=CIRCLE('',#3060,4.99999999999999);
#136=CIRCLE('',#3071,4.99999999999999);
#137=CIRCLE('',#3073,5.00000000000002);
#138=CIRCLE('',#3075,4.99999999999999);
#139=CIRCLE('',#3077,5.00000000000001);
#140=CIRCLE('',#3080,10.);
#141=CIRCLE('',#3083,10.);
#142=CIRCLE('',#3086,9.99999999999999);
#143=CIRCLE('',#3089,9.99999999999999);
#144=CIRCLE('',#3091,1.7);
#145=CIRCLE('',#3092,1.7);
#146=CIRCLE('',#3094,1.7);
#147=CIRCLE('',#3095,1.7);
#148=CIRCLE('',#3097,1.7);
#149=CIRCLE('',#3098,1.7);
#150=CIRCLE('',#3100,1.7);
#151=CIRCLE('',#3101,1.7);
#152=CIRCLE('',#3106,9.99999999999999);
#153=CIRCLE('',#3107,10.);
#154=CIRCLE('',#3108,10.);
#155=CIRCLE('',#3109,9.99999999999999);
#156=CIRCLE('',#3110,4.99999999999999);
#157=CIRCLE('',#3111,5.00000000000002);
#158=CIRCLE('',#3112,5.);
#159=CIRCLE('',#3113,5.);
#160=CIRCLE('',#3114,2.35);
#161=CIRCLE('',#3115,2.35);
#162=CIRCLE('',#3116,2.35);
#163=CIRCLE('',#3117,2.35);
#164=CIRCLE('',#3124,10.);
#165=CIRCLE('',#3125,10.);
#166=CIRCLE('',#3126,9.99999999999999);
#167=CIRCLE('',#3127,9.99999999999999);
#168=CIRCLE('',#3128,0.499999999999989);
#169=CIRCLE('',#3129,0.499999999999998);
#170=CIRCLE('',#3130,0.500000000000007);
#171=CIRCLE('',#3131,0.499999999999998);
#172=CIRCLE('',#3132,0.500000000000007);
#173=CIRCLE('',#3133,0.499999999999998);
#174=CIRCLE('',#3134,0.499999999999989);
#175=CIRCLE('',#3135,0.499999999999998);
#176=CIRCLE('',#3136,0.500000000000007);
#177=CIRCLE('',#3137,0.499999999999998);
#178=CIRCLE('',#3138,0.500000000000005);
#179=CIRCLE('',#3139,0.499999999999998);
#180=CIRCLE('',#3140,0.499999999999989);
#181=CIRCLE('',#3141,0.499999999999998);
#182=CIRCLE('',#3142,0.500000000000007);
#183=CIRCLE('',#3143,0.499999999999998);
#184=CIRCLE('',#3144,0.500000000000007);
#185=CIRCLE('',#3145,0.499999999999998);
#186=CIRCLE('',#3146,0.500000000000005);
#187=CIRCLE('',#3147,0.499999999999998);
#188=CIRCLE('',#3148,0.500000000000007);
#189=CIRCLE('',#3149,0.500000000000003);
#190=CIRCLE('',#3150,0.499999999999989);
#191=CIRCLE('',#3151,0.499999999999989);
#192=CIRCLE('',#3152,0.499999999999989);
#193=CIRCLE('',#3153,0.500000000000003);
#194=CIRCLE('',#3154,0.500000000000007);
#195=CIRCLE('',#3155,0.499999999999989);
#196=CIRCLE('',#3156,0.500000000000007);
#197=CIRCLE('',#3157,0.500000000000003);
#198=CIRCLE('',#3158,0.500000000000005);
#199=CIRCLE('',#3159,0.499999999999989);
#200=CIRCLE('',#3160,0.500000000000007);
#201=CIRCLE('',#3161,0.499999999999998);
#202=CIRCLE('',#3162,0.499999999999989);
#203=CIRCLE('',#3163,0.499999999999998);
#204=CIRCLE('',#3164,5.);
#205=CIRCLE('',#3165,5.00000000000002);
#206=CIRCLE('',#3167,2.35);
#207=CIRCLE('',#3170,2.35);
#208=CIRCLE('',#3173,2.35);
#209=CIRCLE('',#3176,2.35);
#210=CIRCLE('',#3179,4.99999999999999);
#211=CIRCLE('',#3180,5.);
#212=CIRCLE('',#3181,0.499999999999989);
#213=CIRCLE('',#3182,0.499999999999998);
#214=CIRCLE('',#3183,0.500000000000007);
#215=CIRCLE('',#3184,0.499999999999998);
#216=CIRCLE('',#3185,0.500000000000007);
#217=CIRCLE('',#3186,0.499999999999998);
#218=CIRCLE('',#3187,0.499999999999989);
#219=CIRCLE('',#3188,0.499999999999998);
#220=CIRCLE('',#3189,0.500000000000007);
#221=CIRCLE('',#3190,0.499999999999998);
#222=CIRCLE('',#3191,0.500000000000005);
#223=CIRCLE('',#3192,0.499999999999998);
#224=CIRCLE('',#3193,0.499999999999989);
#225=CIRCLE('',#3194,0.499999999999998);
#226=CIRCLE('',#3195,0.500000000000007);
#227=CIRCLE('',#3196,0.499999999999998);
#228=CIRCLE('',#3197,0.500000000000007);
#229=CIRCLE('',#3198,0.499999999999998);
#230=CIRCLE('',#3199,0.500000000000005);
#231=CIRCLE('',#3200,0.499999999999998);
#232=CIRCLE('',#3201,0.500000000000007);
#233=CIRCLE('',#3202,0.499999999999989);
#234=CIRCLE('',#3203,0.499999999999989);
#235=CIRCLE('',#3204,0.500000000000003);
#236=CIRCLE('',#3205,0.499999999999989);
#237=CIRCLE('',#3206,0.499999999999989);
#238=CIRCLE('',#3207,0.500000000000007);
#239=CIRCLE('',#3208,0.500000000000003);
#240=CIRCLE('',#3209,0.500000000000007);
#241=CIRCLE('',#3210,0.499999999999989);
#242=CIRCLE('',#3211,0.500000000000005);
#243=CIRCLE('',#3212,0.500000000000003);
#244=CIRCLE('',#3213,0.500000000000007);
#245=CIRCLE('',#3214,0.499999999999998);
#246=CIRCLE('',#3215,0.499999999999989);
#247=CIRCLE('',#3216,0.499999999999998);
#248=CIRCLE('',#3311,2.35);
#249=CIRCLE('',#3312,2.35);
#250=CIRCLE('',#3314,2.35);
#251=CIRCLE('',#3315,2.35);
#252=CIRCLE('',#3317,2.35);
#253=CIRCLE('',#3318,2.35);
#254=CIRCLE('',#3320,2.35);
#255=CIRCLE('',#3321,2.35);
#256=CIRCLE('',#3324,5.);
#257=CIRCLE('',#3325,5.);
#258=CIRCLE('',#3328,5.);
#259=CIRCLE('',#3329,5.);
#260=CIRCLE('',#3332,5.);
#261=CIRCLE('',#3333,5.);
#262=CIRCLE('',#3336,5.00000000000001);
#263=CIRCLE('',#3337,5.00000000000001);
#264=FACE_OUTER_BOUND('',#419,.T.);
#265=FACE_OUTER_BOUND('',#420,.T.);
#266=FACE_OUTER_BOUND('',#421,.T.);
#267=FACE_OUTER_BOUND('',#422,.T.);
#268=FACE_OUTER_BOUND('',#424,.T.);
#269=FACE_OUTER_BOUND('',#425,.T.);
#270=FACE_OUTER_BOUND('',#426,.T.);
#271=FACE_OUTER_BOUND('',#427,.T.);
#272=FACE_OUTER_BOUND('',#428,.T.);
#273=FACE_OUTER_BOUND('',#429,.T.);
#274=FACE_OUTER_BOUND('',#430,.T.);
#275=FACE_OUTER_BOUND('',#431,.T.);
#276=FACE_OUTER_BOUND('',#432,.T.);
#277=FACE_OUTER_BOUND('',#433,.T.);
#278=FACE_OUTER_BOUND('',#434,.T.);
#279=FACE_OUTER_BOUND('',#435,.T.);
#280=FACE_OUTER_BOUND('',#436,.T.);
#281=FACE_OUTER_BOUND('',#437,.T.);
#282=FACE_OUTER_BOUND('',#438,.T.);
#283=FACE_OUTER_BOUND('',#439,.T.);
#284=FACE_OUTER_BOUND('',#440,.T.);
#285=FACE_OUTER_BOUND('',#441,.T.);
#286=FACE_OUTER_BOUND('',#442,.T.);
#287=FACE_OUTER_BOUND('',#443,.T.);
#288=FACE_OUTER_BOUND('',#444,.T.);
#289=FACE_OUTER_BOUND('',#445,.T.);
#290=FACE_OUTER_BOUND('',#446,.T.);
#291=FACE_OUTER_BOUND('',#447,.T.);
#292=FACE_OUTER_BOUND('',#448,.T.);
#293=FACE_OUTER_BOUND('',#449,.T.);
#294=FACE_OUTER_BOUND('',#454,.T.);
#295=FACE_OUTER_BOUND('',#459,.T.);
#296=FACE_OUTER_BOUND('',#460,.T.);
#297=FACE_OUTER_BOUND('',#466,.T.);
#298=FACE_OUTER_BOUND('',#467,.T.);
#299=FACE_OUTER_BOUND('',#468,.T.);
#300=FACE_OUTER_BOUND('',#469,.T.);
#301=FACE_OUTER_BOUND('',#470,.T.);
#302=FACE_OUTER_BOUND('',#471,.T.);
#303=FACE_OUTER_BOUND('',#482,.T.);
#304=FACE_OUTER_BOUND('',#483,.T.);
#305=FACE_OUTER_BOUND('',#484,.T.);
#306=FACE_OUTER_BOUND('',#485,.T.);
#307=FACE_OUTER_BOUND('',#486,.T.);
#308=FACE_OUTER_BOUND('',#487,.T.);
#309=FACE_OUTER_BOUND('',#488,.T.);
#310=FACE_OUTER_BOUND('',#489,.T.);
#311=FACE_OUTER_BOUND('',#490,.T.);
#312=FACE_OUTER_BOUND('',#500,.T.);
#313=FACE_OUTER_BOUND('',#501,.T.);
#314=FACE_OUTER_BOUND('',#502,.T.);
#315=FACE_OUTER_BOUND('',#503,.T.);
#316=FACE_OUTER_BOUND('',#504,.T.);
#317=FACE_OUTER_BOUND('',#505,.T.);
#318=FACE_OUTER_BOUND('',#506,.T.);
#319=FACE_OUTER_BOUND('',#507,.T.);
#320=FACE_OUTER_BOUND('',#508,.T.);
#321=FACE_OUTER_BOUND('',#509,.T.);
#322=FACE_OUTER_BOUND('',#510,.T.);
#323=FACE_OUTER_BOUND('',#511,.T.);
#324=FACE_OUTER_BOUND('',#512,.T.);
#325=FACE_OUTER_BOUND('',#513,.T.);
#326=FACE_OUTER_BOUND('',#514,.T.);
#327=FACE_OUTER_BOUND('',#515,.T.);
#328=FACE_OUTER_BOUND('',#516,.T.);
#329=FACE_OUTER_BOUND('',#517,.T.);
#330=FACE_OUTER_BOUND('',#518,.T.);
#331=FACE_OUTER_BOUND('',#519,.T.);
#332=FACE_OUTER_BOUND('',#520,.T.);
#333=FACE_OUTER_BOUND('',#521,.T.);
#334=FACE_OUTER_BOUND('',#522,.T.);
#335=FACE_OUTER_BOUND('',#523,.T.);
#336=FACE_OUTER_BOUND('',#524,.T.);
#337=FACE_OUTER_BOUND('',#525,.T.);
#338=FACE_OUTER_BOUND('',#526,.T.);
#339=FACE_OUTER_BOUND('',#527,.T.);
#340=FACE_OUTER_BOUND('',#528,.T.);
#341=FACE_OUTER_BOUND('',#529,.T.);
#342=FACE_OUTER_BOUND('',#530,.T.);
#343=FACE_OUTER_BOUND('',#531,.T.);
#344=FACE_OUTER_BOUND('',#532,.T.);
#345=FACE_OUTER_BOUND('',#533,.T.);
#346=FACE_OUTER_BOUND('',#534,.T.);
#347=FACE_OUTER_BOUND('',#535,.T.);
#348=FACE_OUTER_BOUND('',#536,.T.);
#349=FACE_OUTER_BOUND('',#537,.T.);
#350=FACE_OUTER_BOUND('',#538,.T.);
#351=FACE_OUTER_BOUND('',#539,.T.);
#352=FACE_OUTER_BOUND('',#540,.T.);
#353=FACE_OUTER_BOUND('',#541,.T.);
#354=FACE_OUTER_BOUND('',#542,.T.);
#355=FACE_OUTER_BOUND('',#543,.T.);
#356=FACE_OUTER_BOUND('',#544,.T.);
#357=FACE_OUTER_BOUND('',#545,.T.);
#358=FACE_OUTER_BOUND('',#546,.T.);
#359=FACE_OUTER_BOUND('',#547,.T.);
#360=FACE_OUTER_BOUND('',#548,.T.);
#361=FACE_OUTER_BOUND('',#549,.T.);
#362=FACE_OUTER_BOUND('',#550,.T.);
#363=FACE_OUTER_BOUND('',#551,.T.);
#364=FACE_OUTER_BOUND('',#552,.T.);
#365=FACE_OUTER_BOUND('',#553,.T.);
#366=FACE_OUTER_BOUND('',#554,.T.);
#367=FACE_OUTER_BOUND('',#555,.T.);
#368=FACE_OUTER_BOUND('',#556,.T.);
#369=FACE_OUTER_BOUND('',#557,.T.);
#370=FACE_OUTER_BOUND('',#558,.T.);
#371=FACE_OUTER_BOUND('',#559,.T.);
#372=FACE_OUTER_BOUND('',#560,.T.);
#373=FACE_OUTER_BOUND('',#561,.T.);
#374=FACE_OUTER_BOUND('',#562,.T.);
#375=FACE_OUTER_BOUND('',#563,.T.);
#376=FACE_OUTER_BOUND('',#564,.T.);
#377=FACE_OUTER_BOUND('',#565,.T.);
#378=FACE_OUTER_BOUND('',#566,.T.);
#379=FACE_OUTER_BOUND('',#567,.T.);
#380=FACE_OUTER_BOUND('',#568,.T.);
#381=FACE_OUTER_BOUND('',#569,.T.);
#382=FACE_OUTER_BOUND('',#570,.T.);
#383=FACE_OUTER_BOUND('',#571,.T.);
#384=FACE_OUTER_BOUND('',#572,.T.);
#385=FACE_OUTER_BOUND('',#573,.T.);
#386=FACE_OUTER_BOUND('',#574,.T.);
#387=FACE_OUTER_BOUND('',#575,.T.);
#388=FACE_OUTER_BOUND('',#576,.T.);
#389=FACE_OUTER_BOUND('',#577,.T.);
#390=FACE_OUTER_BOUND('',#578,.T.);
#391=FACE_OUTER_BOUND('',#579,.T.);
#392=FACE_OUTER_BOUND('',#580,.T.);
#393=FACE_OUTER_BOUND('',#581,.T.);
#394=FACE_OUTER_BOUND('',#582,.T.);
#395=FACE_OUTER_BOUND('',#583,.T.);
#396=FACE_OUTER_BOUND('',#584,.T.);
#397=FACE_OUTER_BOUND('',#585,.T.);
#398=FACE_OUTER_BOUND('',#586,.T.);
#399=FACE_OUTER_BOUND('',#587,.T.);
#400=FACE_OUTER_BOUND('',#588,.T.);
#401=FACE_OUTER_BOUND('',#589,.T.);
#402=FACE_OUTER_BOUND('',#590,.T.);
#403=FACE_OUTER_BOUND('',#591,.T.);
#404=FACE_OUTER_BOUND('',#592,.T.);
#405=FACE_OUTER_BOUND('',#593,.T.);
#406=FACE_OUTER_BOUND('',#594,.T.);
#407=FACE_OUTER_BOUND('',#595,.T.);
#408=FACE_OUTER_BOUND('',#596,.T.);
#409=FACE_OUTER_BOUND('',#597,.T.);
#410=FACE_OUTER_BOUND('',#598,.T.);
#411=FACE_OUTER_BOUND('',#599,.T.);
#412=FACE_OUTER_BOUND('',#600,.T.);
#413=FACE_OUTER_BOUND('',#601,.T.);
#414=FACE_OUTER_BOUND('',#602,.T.);
#415=FACE_OUTER_BOUND('',#603,.T.);
#416=FACE_OUTER_BOUND('',#604,.T.);
#417=FACE_OUTER_BOUND('',#605,.T.);
#418=FACE_OUTER_BOUND('',#610,.T.);
#419=EDGE_LOOP('',(#1927,#1928,#1929,#1930));
#420=EDGE_LOOP('',(#1931,#1932,#1933,#1934));
#421=EDGE_LOOP('',(#1935,#1936,#1937,#1938));
#422=EDGE_LOOP('',(#1939,#1940,#1941,#1942,#1943,#1944,#1945,#1946));
#423=EDGE_LOOP('',(#1947,#1948,#1949,#1950,#1951,#1952,#1953,#1954,#1955,
#1956,#1957,#1958,#1959,#1960,#1961,#1962));
#424=EDGE_LOOP('',(#1963,#1964,#1965,#1966));
#425=EDGE_LOOP('',(#1967,#1968,#1969,#1970));
#426=EDGE_LOOP('',(#1971,#1972,#1973,#1974));
#427=EDGE_LOOP('',(#1975,#1976,#1977,#1978));
#428=EDGE_LOOP('',(#1979,#1980,#1981,#1982));
#429=EDGE_LOOP('',(#1983,#1984,#1985,#1986));
#430=EDGE_LOOP('',(#1987,#1988,#1989,#1990));
#431=EDGE_LOOP('',(#1991,#1992,#1993,#1994));
#432=EDGE_LOOP('',(#1995,#1996,#1997,#1998));
#433=EDGE_LOOP('',(#1999,#2000,#2001,#2002));
#434=EDGE_LOOP('',(#2003,#2004,#2005,#2006));
#435=EDGE_LOOP('',(#2007,#2008,#2009,#2010));
#436=EDGE_LOOP('',(#2011,#2012,#2013,#2014));
#437=EDGE_LOOP('',(#2015,#2016,#2017,#2018));
#438=EDGE_LOOP('',(#2019,#2020,#2021,#2022));
#439=EDGE_LOOP('',(#2023,#2024,#2025,#2026));
#440=EDGE_LOOP('',(#2027,#2028,#2029,#2030));
#441=EDGE_LOOP('',(#2031,#2032,#2033,#2034));
#442=EDGE_LOOP('',(#2035,#2036,#2037,#2038));
#443=EDGE_LOOP('',(#2039,#2040,#2041,#2042));
#444=EDGE_LOOP('',(#2043,#2044,#2045,#2046));
#445=EDGE_LOOP('',(#2047,#2048,#2049,#2050));
#446=EDGE_LOOP('',(#2051,#2052,#2053,#2054));
#447=EDGE_LOOP('',(#2055,#2056,#2057,#2058));
#448=EDGE_LOOP('',(#2059,#2060,#2061,#2062));
#449=EDGE_LOOP('',(#2063,#2064,#2065,#2066,#2067,#2068,#2069,#2070,#2071,
#2072,#2073,#2074,#2075,#2076,#2077,#2078));
#450=EDGE_LOOP('',(#2079));
#451=EDGE_LOOP('',(#2080));
#452=EDGE_LOOP('',(#2081));
#453=EDGE_LOOP('',(#2082));
#454=EDGE_LOOP('',(#2083,#2084,#2085,#2086,#2087,#2088,#2089,#2090));
#455=EDGE_LOOP('',(#2091));
#456=EDGE_LOOP('',(#2092));
#457=EDGE_LOOP('',(#2093));
#458=EDGE_LOOP('',(#2094));
#459=EDGE_LOOP('',(#2095,#2096,#2097,#2098));
#460=EDGE_LOOP('',(#2099,#2100,#2101,#2102,#2103,#2104,#2105,#2106));
#461=EDGE_LOOP('',(#2107,#2108,#2109,#2110,#2111,#2112,#2113,#2114,#2115,
#2116,#2117,#2118,#2119,#2120,#2121,#2122));
#462=EDGE_LOOP('',(#2123));
#463=EDGE_LOOP('',(#2124));
#464=EDGE_LOOP('',(#2125));
#465=EDGE_LOOP('',(#2126));
#466=EDGE_LOOP('',(#2127,#2128,#2129,#2130,#2131,#2132));
#467=EDGE_LOOP('',(#2133,#2134,#2135,#2136));
#468=EDGE_LOOP('',(#2137,#2138,#2139,#2140));
#469=EDGE_LOOP('',(#2141,#2142,#2143,#2144));
#470=EDGE_LOOP('',(#2145,#2146,#2147,#2148,#2149,#2150));
#471=EDGE_LOOP('',(#2151,#2152,#2153,#2154,#2155,#2156,#2157,#2158));
#472=EDGE_LOOP('',(#2159,#2160,#2161,#2162,#2163,#2164,#2165,#2166));
#473=EDGE_LOOP('',(#2167,#2168,#2169,#2170,#2171,#2172,#2173,#2174));
#474=EDGE_LOOP('',(#2175,#2176,#2177,#2178,#2179,#2180,#2181,#2182));
#475=EDGE_LOOP('',(#2183,#2184,#2185,#2186,#2187,#2188,#2189,#2190));
#476=EDGE_LOOP('',(#2191,#2192,#2193,#2194,#2195,#2196,#2197,#2198));
#477=EDGE_LOOP('',(#2199,#2200,#2201,#2202,#2203,#2204,#2205,#2206));
#478=EDGE_LOOP('',(#2207,#2208,#2209,#2210,#2211,#2212,#2213,#2214));
#479=EDGE_LOOP('',(#2215,#2216,#2217,#2218,#2219,#2220,#2221,#2222));
#480=EDGE_LOOP('',(#2223,#2224,#2225,#2226,#2227,#2228,#2229,#2230));
#481=EDGE_LOOP('',(#2231,#2232,#2233,#2234,#2235,#2236,#2237,#2238,#2239,
#2240,#2241,#2242));
#482=EDGE_LOOP('',(#2243,#2244,#2245,#2246));
#483=EDGE_LOOP('',(#2247));
#484=EDGE_LOOP('',(#2248,#2249,#2250,#2251));
#485=EDGE_LOOP('',(#2252));
#486=EDGE_LOOP('',(#2253,#2254,#2255,#2256));
#487=EDGE_LOOP('',(#2257));
#488=EDGE_LOOP('',(#2258,#2259,#2260,#2261));
#489=EDGE_LOOP('',(#2262));
#490=EDGE_LOOP('',(#2263,#2264,#2265,#2266,#2267,#2268,#2269,#2270,#2271,
#2272,#2273,#2274));
#491=EDGE_LOOP('',(#2275,#2276,#2277,#2278,#2279,#2280,#2281,#2282));
#492=EDGE_LOOP('',(#2283,#2284,#2285,#2286,#2287,#2288,#2289,#2290));
#493=EDGE_LOOP('',(#2291,#2292,#2293,#2294,#2295,#2296,#2297,#2298));
#494=EDGE_LOOP('',(#2299,#2300,#2301,#2302,#2303,#2304,#2305,#2306));
#495=EDGE_LOOP('',(#2307,#2308,#2309,#2310,#2311,#2312,#2313,#2314));
#496=EDGE_LOOP('',(#2315,#2316,#2317,#2318,#2319,#2320,#2321,#2322));
#497=EDGE_LOOP('',(#2323,#2324,#2325,#2326,#2327,#2328,#2329,#2330));
#498=EDGE_LOOP('',(#2331,#2332,#2333,#2334,#2335,#2336,#2337,#2338));
#499=EDGE_LOOP('',(#2339,#2340,#2341,#2342,#2343,#2344,#2345,#2346));
#500=EDGE_LOOP('',(#2347,#2348,#2349,#2350));
#501=EDGE_LOOP('',(#2351,#2352,#2353,#2354));
#502=EDGE_LOOP('',(#2355,#2356,#2357,#2358));
#503=EDGE_LOOP('',(#2359,#2360,#2361,#2362));
#504=EDGE_LOOP('',(#2363,#2364,#2365,#2366));
#505=EDGE_LOOP('',(#2367,#2368,#2369,#2370));
#506=EDGE_LOOP('',(#2371,#2372,#2373,#2374));
#507=EDGE_LOOP('',(#2375,#2376,#2377,#2378));
#508=EDGE_LOOP('',(#2379,#2380,#2381,#2382));
#509=EDGE_LOOP('',(#2383,#2384,#2385,#2386));
#510=EDGE_LOOP('',(#2387,#2388,#2389,#2390));
#511=EDGE_LOOP('',(#2391,#2392,#2393,#2394));
#512=EDGE_LOOP('',(#2395,#2396,#2397,#2398));
#513=EDGE_LOOP('',(#2399,#2400,#2401,#2402));
#514=EDGE_LOOP('',(#2403,#2404,#2405,#2406));
#515=EDGE_LOOP('',(#2407,#2408,#2409,#2410));
#516=EDGE_LOOP('',(#2411,#2412,#2413,#2414));
#517=EDGE_LOOP('',(#2415,#2416,#2417,#2418));
#518=EDGE_LOOP('',(#2419,#2420,#2421,#2422));
#519=EDGE_LOOP('',(#2423,#2424,#2425,#2426));
#520=EDGE_LOOP('',(#2427,#2428,#2429,#2430));
#521=EDGE_LOOP('',(#2431,#2432,#2433,#2434));
#522=EDGE_LOOP('',(#2435,#2436,#2437,#2438));
#523=EDGE_LOOP('',(#2439,#2440,#2441,#2442));
#524=EDGE_LOOP('',(#2443,#2444,#2445,#2446));
#525=EDGE_LOOP('',(#2447,#2448,#2449,#2450));
#526=EDGE_LOOP('',(#2451,#2452,#2453,#2454));
#527=EDGE_LOOP('',(#2455,#2456,#2457,#2458));
#528=EDGE_LOOP('',(#2459,#2460,#2461,#2462));
#529=EDGE_LOOP('',(#2463,#2464,#2465,#2466));
#530=EDGE_LOOP('',(#2467,#2468,#2469,#2470));
#531=EDGE_LOOP('',(#2471,#2472,#2473,#2474));
#532=EDGE_LOOP('',(#2475,#2476,#2477,#2478));
#533=EDGE_LOOP('',(#2479,#2480,#2481,#2482));
#534=EDGE_LOOP('',(#2483,#2484,#2485,#2486));
#535=EDGE_LOOP('',(#2487,#2488,#2489,#2490));
#536=EDGE_LOOP('',(#2491,#2492,#2493,#2494));
#537=EDGE_LOOP('',(#2495,#2496,#2497,#2498));
#538=EDGE_LOOP('',(#2499,#2500,#2501,#2502));
#539=EDGE_LOOP('',(#2503,#2504,#2505,#2506));
#540=EDGE_LOOP('',(#2507,#2508,#2509,#2510));
#541=EDGE_LOOP('',(#2511,#2512,#2513,#2514));
#542=EDGE_LOOP('',(#2515,#2516,#2517,#2518));
#543=EDGE_LOOP('',(#2519,#2520,#2521,#2522));
#544=EDGE_LOOP('',(#2523,#2524,#2525,#2526));
#545=EDGE_LOOP('',(#2527,#2528,#2529,#2530));
#546=EDGE_LOOP('',(#2531,#2532,#2533,#2534));
#547=EDGE_LOOP('',(#2535,#2536,#2537,#2538));
#548=EDGE_LOOP('',(#2539,#2540,#2541,#2542));
#549=EDGE_LOOP('',(#2543,#2544,#2545,#2546));
#550=EDGE_LOOP('',(#2547,#2548,#2549,#2550));
#551=EDGE_LOOP('',(#2551,#2552,#2553,#2554));
#552=EDGE_LOOP('',(#2555,#2556,#2557,#2558));
#553=EDGE_LOOP('',(#2559,#2560,#2561,#2562));
#554=EDGE_LOOP('',(#2563,#2564,#2565,#2566));
#555=EDGE_LOOP('',(#2567,#2568,#2569,#2570));
#556=EDGE_LOOP('',(#2571,#2572,#2573,#2574));
#557=EDGE_LOOP('',(#2575,#2576,#2577,#2578));
#558=EDGE_LOOP('',(#2579,#2580,#2581,#2582));
#559=EDGE_LOOP('',(#2583,#2584,#2585,#2586));
#560=EDGE_LOOP('',(#2587,#2588,#2589,#2590));
#561=EDGE_LOOP('',(#2591,#2592,#2593,#2594));
#562=EDGE_LOOP('',(#2595,#2596,#2597,#2598));
#563=EDGE_LOOP('',(#2599,#2600,#2601,#2602));
#564=EDGE_LOOP('',(#2603,#2604,#2605,#2606));
#565=EDGE_LOOP('',(#2607,#2608,#2609,#2610));
#566=EDGE_LOOP('',(#2611,#2612,#2613,#2614));
#567=EDGE_LOOP('',(#2615,#2616,#2617,#2618));
#568=EDGE_LOOP('',(#2619,#2620,#2621,#2622));
#569=EDGE_LOOP('',(#2623,#2624,#2625,#2626));
#570=EDGE_LOOP('',(#2627,#2628,#2629,#2630));
#571=EDGE_LOOP('',(#2631,#2632,#2633,#2634));
#572=EDGE_LOOP('',(#2635,#2636,#2637,#2638));
#573=EDGE_LOOP('',(#2639,#2640,#2641,#2642));
#574=EDGE_LOOP('',(#2643,#2644,#2645,#2646));
#575=EDGE_LOOP('',(#2647,#2648,#2649,#2650));
#576=EDGE_LOOP('',(#2651,#2652,#2653,#2654));
#577=EDGE_LOOP('',(#2655,#2656,#2657,#2658));
#578=EDGE_LOOP('',(#2659,#2660,#2661,#2662));
#579=EDGE_LOOP('',(#2663,#2664,#2665,#2666));
#580=EDGE_LOOP('',(#2667,#2668,#2669,#2670));
#581=EDGE_LOOP('',(#2671,#2672,#2673,#2674));
#582=EDGE_LOOP('',(#2675,#2676,#2677,#2678));
#583=EDGE_LOOP('',(#2679,#2680,#2681,#2682));
#584=EDGE_LOOP('',(#2683,#2684,#2685,#2686));
#585=EDGE_LOOP('',(#2687,#2688,#2689,#2690));
#586=EDGE_LOOP('',(#2691,#2692,#2693,#2694));
#587=EDGE_LOOP('',(#2695,#2696,#2697,#2698));
#588=EDGE_LOOP('',(#2699,#2700,#2701,#2702));
#589=EDGE_LOOP('',(#2703,#2704,#2705,#2706));
#590=EDGE_LOOP('',(#2707,#2708,#2709,#2710));
#591=EDGE_LOOP('',(#2711,#2712,#2713,#2714));
#592=EDGE_LOOP('',(#2715,#2716,#2717,#2718));
#593=EDGE_LOOP('',(#2719,#2720,#2721,#2722));
#594=EDGE_LOOP('',(#2723,#2724,#2725,#2726));
#595=EDGE_LOOP('',(#2727,#2728,#2729,#2730));
#596=EDGE_LOOP('',(#2731,#2732,#2733,#2734));
#597=EDGE_LOOP('',(#2735,#2736,#2737,#2738));
#598=EDGE_LOOP('',(#2739,#2740,#2741,#2742));
#599=EDGE_LOOP('',(#2743,#2744,#2745,#2746));
#600=EDGE_LOOP('',(#2747,#2748,#2749,#2750));
#601=EDGE_LOOP('',(#2751,#2752,#2753,#2754));
#602=EDGE_LOOP('',(#2755,#2756,#2757,#2758));
#603=EDGE_LOOP('',(#2759,#2760,#2761,#2762));
#604=EDGE_LOOP('',(#2763,#2764,#2765,#2766));
#605=EDGE_LOOP('',(#2767,#2768,#2769,#2770,#2771,#2772,#2773,#2774));
#606=EDGE_LOOP('',(#2775));
#607=EDGE_LOOP('',(#2776));
#608=EDGE_LOOP('',(#2777));
#609=EDGE_LOOP('',(#2778));
#610=EDGE_LOOP('',(#2779,#2780,#2781,#2782,#2783,#2784,#2785,#2786));
#611=EDGE_LOOP('',(#2787));
#612=EDGE_LOOP('',(#2788));
#613=EDGE_LOOP('',(#2789));
#614=EDGE_LOOP('',(#2790));
#615=LINE('',#4224,#911);
#616=LINE('',#4226,#912);
#617=LINE('',#4228,#913);
#618=LINE('',#4229,#914);
#619=LINE('',#4233,#915);
#620=LINE('',#4234,#916);
#621=LINE('',#4235,#917);
#622=LINE('',#4239,#918);
#623=LINE('',#4240,#919);
#624=LINE('',#4241,#920);
#625=LINE('',#4247,#921);
#626=LINE('',#4251,#922);
#627=LINE('',#4255,#923);
#628=LINE('',#4258,#924);
#629=LINE('',#4262,#925);
#630=LINE('',#4264,#926);
#631=LINE('',#4266,#927);
#632=LINE('',#4270,#928);
#633=LINE('',#4272,#929);
#634=LINE('',#4274,#930);
#635=LINE('',#4278,#931);
#636=LINE('',#4280,#932);
#637=LINE('',#4282,#933);
#638=LINE('',#4286,#934);
#639=LINE('',#4288,#935);
#640=LINE('',#4289,#936);
#641=LINE('',#4292,#937);
#642=LINE('',#4294,#938);
#643=LINE('',#4295,#939);
#644=LINE('',#4297,#940);
#645=LINE('',#4300,#941);
#646=LINE('',#4302,#942);
#647=LINE('',#4303,#943);
#648=LINE('',#4306,#944);
#649=LINE('',#4308,#945);
#650=LINE('',#4309,#946);
#651=LINE('',#4311,#947);
#652=LINE('',#4314,#948);
#653=LINE('',#4316,#949);
#654=LINE('',#4317,#950);
#655=LINE('',#4320,#951);
#656=LINE('',#4321,#952);
#657=LINE('',#4324,#953);
#658=LINE('',#4325,#954);
#659=LINE('',#4337,#955);
#660=LINE('',#4338,#956);
#661=LINE('',#4339,#957);
#662=LINE('',#4343,#958);
#663=LINE('',#4346,#959);
#664=LINE('',#4347,#960);
#665=LINE('',#4351,#961);
#666=LINE('',#4354,#962);
#667=LINE('',#4355,#963);
#668=LINE('',#4359,#964);
#669=LINE('',#4362,#965);
#670=LINE('',#4363,#966);
#671=LINE('',#4370,#967);
#672=LINE('',#4376,#968);
#673=LINE('',#4382,#969);
#674=LINE('',#4388,#970);
#675=LINE('',#4395,#971);
#676=LINE('',#4397,#972);
#677=LINE('',#4399,#973);
#678=LINE('',#4400,#974);
#679=LINE('',#4404,#975);
#680=LINE('',#4408,#976);
#681=LINE('',#4412,#977);
#682=LINE('',#4416,#978);
#683=LINE('',#4419,#979);
#684=LINE('',#4423,#980);
#685=LINE('',#4425,#981);
#686=LINE('',#4427,#982);
#687=LINE('',#4431,#983);
#688=LINE('',#4433,#984);
#689=LINE('',#4435,#985);
#690=LINE('',#4439,#986);
#691=LINE('',#4441,#987);
#692=LINE('',#4443,#988);
#693=LINE('',#4446,#989);
#694=LINE('',#4457,#990);
#695=LINE('',#4459,#991);
#696=LINE('',#4461,#992);
#697=LINE('',#4463,#993);
#698=LINE('',#4464,#994);
#699=LINE('',#4468,#995);
#700=LINE('',#4469,#996);
#701=LINE('',#4470,#997);
#702=LINE('',#4473,#998);
#703=LINE('',#4475,#999);
#704=LINE('',#4476,#1000);
#705=LINE('',#4480,#1001);
#706=LINE('',#4482,#1002);
#707=LINE('',#4484,#1003);
#708=LINE('',#4485,#1004);
#709=LINE('',#4488,#1005);
#710=LINE('',#4489,#1006);
#711=LINE('',#4491,#1007);
#712=LINE('',#4492,#1008);
#713=LINE('',#4496,#1009);
#714=LINE('',#4500,#1010);
#715=LINE('',#4504,#1011);
#716=LINE('',#4508,#1012);
#717=LINE('',#4514,#1013);
#718=LINE('',#4518,#1014);
#719=LINE('',#4522,#1015);
#720=LINE('',#4525,#1016);
#721=LINE('',#4530,#1017);
#722=LINE('',#4534,#1018);
#723=LINE('',#4538,#1019);
#724=LINE('',#4541,#1020);
#725=LINE('',#4546,#1021);
#726=LINE('',#4550,#1022);
#727=LINE('',#4554,#1023);
#728=LINE('',#4557,#1024);
#729=LINE('',#4562,#1025);
#730=LINE('',#4566,#1026);
#731=LINE('',#4570,#1027);
#732=LINE('',#4573,#1028);
#733=LINE('',#4578,#1029);
#734=LINE('',#4582,#1030);
#735=LINE('',#4586,#1031);
#736=LINE('',#4589,#1032);
#737=LINE('',#4594,#1033);
#738=LINE('',#4598,#1034);
#739=LINE('',#4602,#1035);
#740=LINE('',#4605,#1036);
#741=LINE('',#4610,#1037);
#742=LINE('',#4614,#1038);
#743=LINE('',#4618,#1039);
#744=LINE('',#4621,#1040);
#745=LINE('',#4626,#1041);
#746=LINE('',#4630,#1042);
#747=LINE('',#4634,#1043);
#748=LINE('',#4637,#1044);
#749=LINE('',#4642,#1045);
#750=LINE('',#4646,#1046);
#751=LINE('',#4650,#1047);
#752=LINE('',#4653,#1048);
#753=LINE('',#4654,#1049);
#754=LINE('',#4656,#1050);
#755=LINE('',#4659,#1051);
#756=LINE('',#4661,#1052);
#757=LINE('',#4664,#1053);
#758=LINE('',#4668,#1054);
#759=LINE('',#4673,#1055);
#760=LINE('',#4678,#1056);
#761=LINE('',#4683,#1057);
#762=LINE('',#4686,#1058);
#763=LINE('',#4688,#1059);
#764=LINE('',#4691,#1060);
#765=LINE('',#4693,#1061);
#766=LINE('',#4696,#1062);
#767=LINE('',#4701,#1063);
#768=LINE('',#4705,#1064);
#769=LINE('',#4709,#1065);
#770=LINE('',#4712,#1066);
#771=LINE('',#4717,#1067);
#772=LINE('',#4721,#1068);
#773=LINE('',#4725,#1069);
#774=LINE('',#4728,#1070);
#775=LINE('',#4733,#1071);
#776=LINE('',#4737,#1072);
#777=LINE('',#4741,#1073);
#778=LINE('',#4744,#1074);
#779=LINE('',#4749,#1075);
#780=LINE('',#4753,#1076);
#781=LINE('',#4757,#1077);
#782=LINE('',#4760,#1078);
#783=LINE('',#4765,#1079);
#784=LINE('',#4769,#1080);
#785=LINE('',#4773,#1081);
#786=LINE('',#4776,#1082);
#787=LINE('',#4781,#1083);
#788=LINE('',#4785,#1084);
#789=LINE('',#4789,#1085);
#790=LINE('',#4792,#1086);
#791=LINE('',#4797,#1087);
#792=LINE('',#4801,#1088);
#793=LINE('',#4805,#1089);
#794=LINE('',#4808,#1090);
#795=LINE('',#4813,#1091);
#796=LINE('',#4817,#1092);
#797=LINE('',#4821,#1093);
#798=LINE('',#4824,#1094);
#799=LINE('',#4829,#1095);
#800=LINE('',#4833,#1096);
#801=LINE('',#4837,#1097);
#802=LINE('',#4840,#1098);
#803=LINE('',#4842,#1099);
#804=LINE('',#4843,#1100);
#805=LINE('',#4845,#1101);
#806=LINE('',#4847,#1102);
#807=LINE('',#4849,#1103);
#808=LINE('',#4851,#1104);
#809=LINE('',#4853,#1105);
#810=LINE('',#4855,#1106);
#811=LINE('',#4858,#1107);
#812=LINE('',#4859,#1108);
#813=LINE('',#4861,#1109);
#814=LINE('',#4863,#1110);
#815=LINE('',#4865,#1111);
#816=LINE('',#4867,#1112);
#817=LINE('',#4869,#1113);
#818=LINE('',#4871,#1114);
#819=LINE('',#4874,#1115);
#820=LINE('',#4875,#1116);
#821=LINE('',#4877,#1117);
#822=LINE('',#4879,#1118);
#823=LINE('',#4881,#1119);
#824=LINE('',#4883,#1120);
#825=LINE('',#4885,#1121);
#826=LINE('',#4887,#1122);
#827=LINE('',#4890,#1123);
#828=LINE('',#4891,#1124);
#829=LINE('',#4893,#1125);
#830=LINE('',#4895,#1126);
#831=LINE('',#4897,#1127);
#832=LINE('',#4899,#1128);
#833=LINE('',#4901,#1129);
#834=LINE('',#4903,#1130);
#835=LINE('',#4906,#1131);
#836=LINE('',#4907,#1132);
#837=LINE('',#4909,#1133);
#838=LINE('',#4911,#1134);
#839=LINE('',#4913,#1135);
#840=LINE('',#4915,#1136);
#841=LINE('',#4917,#1137);
#842=LINE('',#4919,#1138);
#843=LINE('',#4922,#1139);
#844=LINE('',#4923,#1140);
#845=LINE('',#4925,#1141);
#846=LINE('',#4927,#1142);
#847=LINE('',#4929,#1143);
#848=LINE('',#4931,#1144);
#849=LINE('',#4933,#1145);
#850=LINE('',#4935,#1146);
#851=LINE('',#4938,#1147);
#852=LINE('',#4939,#1148);
#853=LINE('',#4941,#1149);
#854=LINE('',#4943,#1150);
#855=LINE('',#4945,#1151);
#856=LINE('',#4947,#1152);
#857=LINE('',#4949,#1153);
#858=LINE('',#4951,#1154);
#859=LINE('',#4955,#1155);
#860=LINE('',#4956,#1156);
#861=LINE('',#4958,#1157);
#862=LINE('',#4960,#1158);
#863=LINE('',#4962,#1159);
#864=LINE('',#4964,#1160);
#865=LINE('',#4966,#1161);
#866=LINE('',#4968,#1162);
#867=LINE('',#4971,#1163);
#868=LINE('',#4972,#1164);
#869=LINE('',#4974,#1165);
#870=LINE('',#4976,#1166);
#871=LINE('',#4978,#1167);
#872=LINE('',#4980,#1168);
#873=LINE('',#4982,#1169);
#874=LINE('',#4984,#1170);
#875=LINE('',#4987,#1171);
#876=LINE('',#4989,#1172);
#877=LINE('',#4992,#1173);
#878=LINE('',#4994,#1174);
#879=LINE('',#4997,#1175);
#880=LINE('',#4999,#1176);
#881=LINE('',#5002,#1177);
#882=LINE('',#5004,#1178);
#883=LINE('',#5007,#1179);
#884=LINE('',#5008,#1180);
#885=LINE('',#5010,#1181);
#886=LINE('',#5012,#1182);
#887=LINE('',#5014,#1183);
#888=LINE('',#5016,#1184);
#889=LINE('',#5018,#1185);
#890=LINE('',#5020,#1186);
#891=LINE('',#5026,#1187);
#892=LINE('',#5032,#1188);
#893=LINE('',#5038,#1189);
#894=LINE('',#5044,#1190);
#895=LINE('',#5049,#1191);
#896=LINE('',#5051,#1192);
#897=LINE('',#5053,#1193);
#898=LINE('',#5054,#1194);
#899=LINE('',#5060,#1195);
#900=LINE('',#5063,#1196);
#901=LINE('',#5065,#1197);
#902=LINE('',#5066,#1198);
#903=LINE('',#5072,#1199);
#904=LINE('',#5075,#1200);
#905=LINE('',#5077,#1201);
#906=LINE('',#5078,#1202);
#907=LINE('',#5084,#1203);
#908=LINE('',#5087,#1204);
#909=LINE('',#5089,#1205);
#910=LINE('',#5090,#1206);
#911=VECTOR('',#3344,10.);
#912=VECTOR('',#3345,10.);
#913=VECTOR('',#3346,10.);
#914=VECTOR('',#3347,10.);
#915=VECTOR('',#3350,10.);
#916=VECTOR('',#3351,10.);
#917=VECTOR('',#3352,10.);
#918=VECTOR('',#3355,10.);
#919=VECTOR('',#3356,10.);
#920=VECTOR('',#3357,10.);
#921=VECTOR('',#3362,10.);
#922=VECTOR('',#3365,10.);
#923=VECTOR('',#3368,10.);
#924=VECTOR('',#3371,10.);
#925=VECTOR('',#3374,10.);
#926=VECTOR('',#3375,10.);
#927=VECTOR('',#3376,10.);
#928=VECTOR('',#3379,10.);
#929=VECTOR('',#3380,10.);
#930=VECTOR('',#3381,10.);
#931=VECTOR('',#3384,10.);
#932=VECTOR('',#3385,10.);
#933=VECTOR('',#3386,10.);
#934=VECTOR('',#3391,10.);
#935=VECTOR('',#3392,10.);
#936=VECTOR('',#3393,10.);
#937=VECTOR('',#3396,10.);
#938=VECTOR('',#3397,10.);
#939=VECTOR('',#3398,10.);
#940=VECTOR('',#3401,10.);
#941=VECTOR('',#3404,10.);
#942=VECTOR('',#3405,10.);
#943=VECTOR('',#3406,10.);
#944=VECTOR('',#3409,10.);
#945=VECTOR('',#3410,10.);
#946=VECTOR('',#3411,10.);
#947=VECTOR('',#3414,10.);
#948=VECTOR('',#3417,10.);
#949=VECTOR('',#3418,10.);
#950=VECTOR('',#3419,10.);
#951=VECTOR('',#3422,10.);
#952=VECTOR('',#3423,10.);
#953=VECTOR('',#3426,10.);
#954=VECTOR('',#3427,10.);
#955=VECTOR('',#3446,10.);
#956=VECTOR('',#3447,10.);
#957=VECTOR('',#3448,10.);
#958=VECTOR('',#3453,10.);
#959=VECTOR('',#3456,10.);
#960=VECTOR('',#3457,10.);
#961=VECTOR('',#3462,10.);
#962=VECTOR('',#3465,10.);
#963=VECTOR('',#3466,10.);
#964=VECTOR('',#3471,10.);
#965=VECTOR('',#3474,10.);
#966=VECTOR('',#3475,10.);
#967=VECTOR('',#3484,1.7);
#968=VECTOR('',#3491,1.7);
#969=VECTOR('',#3498,1.7);
#970=VECTOR('',#3505,1.7);
#971=VECTOR('',#3514,10.);
#972=VECTOR('',#3515,10.);
#973=VECTOR('',#3516,10.);
#974=VECTOR('',#3517,10.);
#975=VECTOR('',#3520,10.);
#976=VECTOR('',#3523,10.);
#977=VECTOR('',#3526,10.);
#978=VECTOR('',#3529,10.);
#979=VECTOR('',#3532,10.);
#980=VECTOR('',#3535,10.);
#981=VECTOR('',#3536,10.);
#982=VECTOR('',#3537,10.);
#983=VECTOR('',#3540,10.);
#984=VECTOR('',#3541,10.);
#985=VECTOR('',#3542,10.);
#986=VECTOR('',#3545,10.);
#987=VECTOR('',#3546,10.);
#988=VECTOR('',#3547,10.);
#989=VECTOR('',#3550,10.);
#990=VECTOR('',#3561,10.);
#991=VECTOR('',#3562,10.);
#992=VECTOR('',#3563,10.);
#993=VECTOR('',#3564,10.);
#994=VECTOR('',#3565,10.);
#995=VECTOR('',#3568,10.);
#996=VECTOR('',#3569,10.);
#997=VECTOR('',#3570,10.);
#998=VECTOR('',#3573,10.);
#999=VECTOR('',#3574,10.);
#1000=VECTOR('',#3575,10.);
#1001=VECTOR('',#3578,10.);
#1002=VECTOR('',#3579,10.);
#1003=VECTOR('',#3580,10.);
#1004=VECTOR('',#3581,10.);
#1005=VECTOR('',#3584,10.);
#1006=VECTOR('',#3585,10.);
#1007=VECTOR('',#3586,10.);
#1008=VECTOR('',#3587,10.);
#1009=VECTOR('',#3590,10.);
#1010=VECTOR('',#3593,10.);
#1011=VECTOR('',#3596,10.);
#1012=VECTOR('',#3599,10.);
#1013=VECTOR('',#3604,10.);
#1014=VECTOR('',#3607,10.);
#1015=VECTOR('',#3610,10.);
#1016=VECTOR('',#3613,10.);
#1017=VECTOR('',#3616,10.);
#1018=VECTOR('',#3619,10.);
#1019=VECTOR('',#3622,10.);
#1020=VECTOR('',#3625,10.);
#1021=VECTOR('',#3628,10.);
#1022=VECTOR('',#3631,10.);
#1023=VECTOR('',#3634,10.);
#1024=VECTOR('',#3637,10.);
#1025=VECTOR('',#3640,10.);
#1026=VECTOR('',#3643,10.);
#1027=VECTOR('',#3646,10.);
#1028=VECTOR('',#3649,10.);
#1029=VECTOR('',#3652,10.);
#1030=VECTOR('',#3655,10.);
#1031=VECTOR('',#3658,10.);
#1032=VECTOR('',#3661,10.);
#1033=VECTOR('',#3664,10.);
#1034=VECTOR('',#3667,10.);
#1035=VECTOR('',#3670,10.);
#1036=VECTOR('',#3673,10.);
#1037=VECTOR('',#3676,10.);
#1038=VECTOR('',#3679,10.);
#1039=VECTOR('',#3682,10.);
#1040=VECTOR('',#3685,10.);
#1041=VECTOR('',#3688,10.);
#1042=VECTOR('',#3691,10.);
#1043=VECTOR('',#3694,10.);
#1044=VECTOR('',#3697,10.);
#1045=VECTOR('',#3700,10.);
#1046=VECTOR('',#3703,10.);
#1047=VECTOR('',#3706,10.);
#1048=VECTOR('',#3709,10.);
#1049=VECTOR('',#3710,10.);
#1050=VECTOR('',#3711,10.);
#1051=VECTOR('',#3714,10.);
#1052=VECTOR('',#3715,10.);
#1053=VECTOR('',#3718,10.);
#1054=VECTOR('',#3723,2.35);
#1055=VECTOR('',#3730,2.35);
#1056=VECTOR('',#3737,2.35);
#1057=VECTOR('',#3744,2.35);
#1058=VECTOR('',#3749,10.);
#1059=VECTOR('',#3750,10.);
#1060=VECTOR('',#3753,10.);
#1061=VECTOR('',#3754,10.);
#1062=VECTOR('',#3757,10.);
#1063=VECTOR('',#3760,10.);
#1064=VECTOR('',#3763,10.);
#1065=VECTOR('',#3766,10.);
#1066=VECTOR('',#3769,10.);
#1067=VECTOR('',#3772,10.);
#1068=VECTOR('',#3775,10.);
#1069=VECTOR('',#3778,10.);
#1070=VECTOR('',#3781,10.);
#1071=VECTOR('',#3784,10.);
#1072=VECTOR('',#3787,10.);
#1073=VECTOR('',#3790,10.);
#1074=VECTOR('',#3793,10.);
#1075=VECTOR('',#3796,10.);
#1076=VECTOR('',#3799,10.);
#1077=VECTOR('',#3802,10.);
#1078=VECTOR('',#3805,10.);
#1079=VECTOR('',#3808,10.);
#1080=VECTOR('',#3811,10.);
#1081=VECTOR('',#3814,10.);
#1082=VECTOR('',#3817,10.);
#1083=VECTOR('',#3820,10.);
#1084=VECTOR('',#3823,10.);
#1085=VECTOR('',#3826,10.);
#1086=VECTOR('',#3829,10.);
#1087=VECTOR('',#3832,10.);
#1088=VECTOR('',#3835,10.);
#1089=VECTOR('',#3838,10.);
#1090=VECTOR('',#3841,10.);
#1091=VECTOR('',#3844,10.);
#1092=VECTOR('',#3847,10.);
#1093=VECTOR('',#3850,10.);
#1094=VECTOR('',#3853,10.);
#1095=VECTOR('',#3856,10.);
#1096=VECTOR('',#3859,10.);
#1097=VECTOR('',#3862,10.);
#1098=VECTOR('',#3865,10.);
#1099=VECTOR('',#3868,10.);
#1100=VECTOR('',#3869,10.);
#1101=VECTOR('',#3872,10.);
#1102=VECTOR('',#3875,10.);
#1103=VECTOR('',#3878,10.);
#1104=VECTOR('',#3881,10.);
#1105=VECTOR('',#3884,10.);
#1106=VECTOR('',#3887,10.);
#1107=VECTOR('',#3892,10.);
#1108=VECTOR('',#3893,10.);
#1109=VECTOR('',#3896,10.);
#1110=VECTOR('',#3899,10.);
#1111=VECTOR('',#3902,10.);
#1112=VECTOR('',#3905,10.);
#1113=VECTOR('',#3908,10.);
#1114=VECTOR('',#3911,10.);
#1115=VECTOR('',#3916,10.);
#1116=VECTOR('',#3917,10.);
#1117=VECTOR('',#3920,10.);
#1118=VECTOR('',#3923,10.);
#1119=VECTOR('',#3926,10.);
#1120=VECTOR('',#3929,10.);
#1121=VECTOR('',#3932,10.);
#1122=VECTOR('',#3935,10.);
#1123=VECTOR('',#3940,10.);
#1124=VECTOR('',#3941,10.);
#1125=VECTOR('',#3944,10.);
#1126=VECTOR('',#3947,10.);
#1127=VECTOR('',#3950,10.);
#1128=VECTOR('',#3953,10.);
#1129=VECTOR('',#3956,10.);
#1130=VECTOR('',#3959,10.);
#1131=VECTOR('',#3964,10.);
#1132=VECTOR('',#3965,10.);
#1133=VECTOR('',#3968,10.);
#1134=VECTOR('',#3971,10.);
#1135=VECTOR('',#3974,10.);
#1136=VECTOR('',#3977,10.);
#1137=VECTOR('',#3980,10.);
#1138=VECTOR('',#3983,10.);
#1139=VECTOR('',#3988,10.);
#1140=VECTOR('',#3989,10.);
#1141=VECTOR('',#3992,10.);
#1142=VECTOR('',#3995,10.);
#1143=VECTOR('',#3998,10.);
#1144=VECTOR('',#4001,10.);
#1145=VECTOR('',#4004,10.);
#1146=VECTOR('',#4007,10.);
#1147=VECTOR('',#4012,10.);
#1148=VECTOR('',#4013,10.);
#1149=VECTOR('',#4016,10.);
#1150=VECTOR('',#4019,10.);
#1151=VECTOR('',#4022,10.);
#1152=VECTOR('',#4025,10.);
#1153=VECTOR('',#4028,10.);
#1154=VECTOR('',#4031,10.);
#1155=VECTOR('',#4038,10.);
#1156=VECTOR('',#4039,10.);
#1157=VECTOR('',#4042,10.);
#1158=VECTOR('',#4045,10.);
#1159=VECTOR('',#4048,10.);
#1160=VECTOR('',#4051,10.);
#1161=VECTOR('',#4054,10.);
#1162=VECTOR('',#4057,10.);
#1163=VECTOR('',#4062,10.);
#1164=VECTOR('',#4063,10.);
#1165=VECTOR('',#4066,10.);
#1166=VECTOR('',#4069,10.);
#1167=VECTOR('',#4072,10.);
#1168=VECTOR('',#4075,10.);
#1169=VECTOR('',#4078,10.);
#1170=VECTOR('',#4081,10.);
#1171=VECTOR('',#4086,10.);
#1172=VECTOR('',#4089,10.);
#1173=VECTOR('',#4094,10.);
#1174=VECTOR('',#4097,10.);
#1175=VECTOR('',#4102,10.);
#1176=VECTOR('',#4105,10.);
#1177=VECTOR('',#4110,10.);
#1178=VECTOR('',#4113,10.);
#1179=VECTOR('',#4118,10.);
#1180=VECTOR('',#4119,10.);
#1181=VECTOR('',#4122,10.);
#1182=VECTOR('',#4125,10.);
#1183=VECTOR('',#4128,10.);
#1184=VECTOR('',#4131,10.);
#1185=VECTOR('',#4134,10.);
#1186=VECTOR('',#4137,10.);
#1187=VECTOR('',#4144,2.35);
#1188=VECTOR('',#4151,2.35);
#1189=VECTOR('',#4158,2.35);
#1190=VECTOR('',#4165,2.35);
#1191=VECTOR('',#4170,10.);
#1192=VECTOR('',#4171,10.);
#1193=VECTOR('',#4172,10.);
#1194=VECTOR('',#4173,10.);
#1195=VECTOR('',#4180,10.);
#1196=VECTOR('',#4183,10.);
#1197=VECTOR('',#4184,10.);
#1198=VECTOR('',#4185,10.);
#1199=VECTOR('',#4192,10.);
#1200=VECTOR('',#4195,10.);
#1201=VECTOR('',#4196,10.);
#1202=VECTOR('',#4197,10.);
#1203=VECTOR('',#4204,10.);
#1204=VECTOR('',#4207,10.);
#1205=VECTOR('',#4208,10.);
#1206=VECTOR('',#4209,10.);
#1207=VERTEX_POINT('',#4222);
#1208=VERTEX_POINT('',#4223);
#1209=VERTEX_POINT('',#4225);
#1210=VERTEX_POINT('',#4227);
#1211=VERTEX_POINT('',#4231);
#1212=VERTEX_POINT('',#4232);
#1213=VERTEX_POINT('',#4237);
#1214=VERTEX_POINT('',#4238);
#1215=VERTEX_POINT('',#4243);
#1216=VERTEX_POINT('',#4244);
#1217=VERTEX_POINT('',#4246);
#1218=VERTEX_POINT('',#4248);
#1219=VERTEX_POINT('',#4250);
#1220=VERTEX_POINT('',#4252);
#1221=VERTEX_POINT('',#4254);
#1222=VERTEX_POINT('',#4256);
#1223=VERTEX_POINT('',#4259);
#1224=VERTEX_POINT('',#4261);
#1225=VERTEX_POINT('',#4263);
#1226=VERTEX_POINT('',#4265);
#1227=VERTEX_POINT('',#4267);
#1228=VERTEX_POINT('',#4269);
#1229=VERTEX_POINT('',#4271);
#1230=VERTEX_POINT('',#4273);
#1231=VERTEX_POINT('',#4275);
#1232=VERTEX_POINT('',#4277);
#1233=VERTEX_POINT('',#4279);
#1234=VERTEX_POINT('',#4281);
#1235=VERTEX_POINT('',#4285);
#1236=VERTEX_POINT('',#4287);
#1237=VERTEX_POINT('',#4291);
#1238=VERTEX_POINT('',#4293);
#1239=VERTEX_POINT('',#4299);
#1240=VERTEX_POINT('',#4301);
#1241=VERTEX_POINT('',#4305);
#1242=VERTEX_POINT('',#4307);
#1243=VERTEX_POINT('',#4313);
#1244=VERTEX_POINT('',#4315);
#1245=VERTEX_POINT('',#4319);
#1246=VERTEX_POINT('',#4323);
#1247=VERTEX_POINT('',#4335);
#1248=VERTEX_POINT('',#4336);
#1249=VERTEX_POINT('',#4341);
#1250=VERTEX_POINT('',#4345);
#1251=VERTEX_POINT('',#4349);
#1252=VERTEX_POINT('',#4353);
#1253=VERTEX_POINT('',#4357);
#1254=VERTEX_POINT('',#4361);
#1255=VERTEX_POINT('',#4367);
#1256=VERTEX_POINT('',#4369);
#1257=VERTEX_POINT('',#4373);
#1258=VERTEX_POINT('',#4375);
#1259=VERTEX_POINT('',#4379);
#1260=VERTEX_POINT('',#4381);
#1261=VERTEX_POINT('',#4385);
#1262=VERTEX_POINT('',#4387);
#1263=VERTEX_POINT('',#4393);
#1264=VERTEX_POINT('',#4394);
#1265=VERTEX_POINT('',#4396);
#1266=VERTEX_POINT('',#4398);
#1267=VERTEX_POINT('',#4402);
#1268=VERTEX_POINT('',#4403);
#1269=VERTEX_POINT('',#4405);
#1270=VERTEX_POINT('',#4407);
#1271=VERTEX_POINT('',#4409);
#1272=VERTEX_POINT('',#4411);
#1273=VERTEX_POINT('',#4413);
#1274=VERTEX_POINT('',#4415);
#1275=VERTEX_POINT('',#4418);
#1276=VERTEX_POINT('',#4420);
#1277=VERTEX_POINT('',#4422);
#1278=VERTEX_POINT('',#4424);
#1279=VERTEX_POINT('',#4426);
#1280=VERTEX_POINT('',#4428);
#1281=VERTEX_POINT('',#4430);
#1282=VERTEX_POINT('',#4432);
#1283=VERTEX_POINT('',#4434);
#1284=VERTEX_POINT('',#4436);
#1285=VERTEX_POINT('',#4438);
#1286=VERTEX_POINT('',#4440);
#1287=VERTEX_POINT('',#4442);
#1288=VERTEX_POINT('',#4444);
#1289=VERTEX_POINT('',#4447);
#1290=VERTEX_POINT('',#4449);
#1291=VERTEX_POINT('',#4451);
#1292=VERTEX_POINT('',#4453);
#1293=VERTEX_POINT('',#4456);
#1294=VERTEX_POINT('',#4458);
#1295=VERTEX_POINT('',#4460);
#1296=VERTEX_POINT('',#4462);
#1297=VERTEX_POINT('',#4466);
#1298=VERTEX_POINT('',#4467);
#1299=VERTEX_POINT('',#4472);
#1300=VERTEX_POINT('',#4474);
#1301=VERTEX_POINT('',#4478);
#1302=VERTEX_POINT('',#4479);
#1303=VERTEX_POINT('',#4481);
#1304=VERTEX_POINT('',#4483);
#1305=VERTEX_POINT('',#4487);
#1306=VERTEX_POINT('',#4490);
#1307=VERTEX_POINT('',#4494);
#1308=VERTEX_POINT('',#4495);
#1309=VERTEX_POINT('',#4497);
#1310=VERTEX_POINT('',#4499);
#1311=VERTEX_POINT('',#4501);
#1312=VERTEX_POINT('',#4503);
#1313=VERTEX_POINT('',#4505);
#1314=VERTEX_POINT('',#4507);
#1315=VERTEX_POINT('',#4510);
#1316=VERTEX_POINT('',#4511);
#1317=VERTEX_POINT('',#4513);
#1318=VERTEX_POINT('',#4515);
#1319=VERTEX_POINT('',#4517);
#1320=VERTEX_POINT('',#4519);
#1321=VERTEX_POINT('',#4521);
#1322=VERTEX_POINT('',#4523);
#1323=VERTEX_POINT('',#4526);
#1324=VERTEX_POINT('',#4527);
#1325=VERTEX_POINT('',#4529);
#1326=VERTEX_POINT('',#4531);
#1327=VERTEX_POINT('',#4533);
#1328=VERTEX_POINT('',#4535);
#1329=VERTEX_POINT('',#4537);
#1330=VERTEX_POINT('',#4539);
#1331=VERTEX_POINT('',#4542);
#1332=VERTEX_POINT('',#4543);
#1333=VERTEX_POINT('',#4545);
#1334=VERTEX_POINT('',#4547);
#1335=VERTEX_POINT('',#4549);
#1336=VERTEX_POINT('',#4551);
#1337=VERTEX_POINT('',#4553);
#1338=VERTEX_POINT('',#4555);
#1339=VERTEX_POINT('',#4558);
#1340=VERTEX_POINT('',#4559);
#1341=VERTEX_POINT('',#4561);
#1342=VERTEX_POINT('',#4563);
#1343=VERTEX_POINT('',#4565);
#1344=VERTEX_POINT('',#4567);
#1345=VERTEX_POINT('',#4569);
#1346=VERTEX_POINT('',#4571);
#1347=VERTEX_POINT('',#4574);
#1348=VERTEX_POINT('',#4575);
#1349=VERTEX_POINT('',#4577);
#1350=VERTEX_POINT('',#4579);
#1351=VERTEX_POINT('',#4581);
#1352=VERTEX_POINT('',#4583);
#1353=VERTEX_POINT('',#4585);
#1354=VERTEX_POINT('',#4587);
#1355=VERTEX_POINT('',#4590);
#1356=VERTEX_POINT('',#4591);
#1357=VERTEX_POINT('',#4593);
#1358=VERTEX_POINT('',#4595);
#1359=VERTEX_POINT('',#4597);
#1360=VERTEX_POINT('',#4599);
#1361=VERTEX_POINT('',#4601);
#1362=VERTEX_POINT('',#4603);
#1363=VERTEX_POINT('',#4606);
#1364=VERTEX_POINT('',#4607);
#1365=VERTEX_POINT('',#4609);
#1366=VERTEX_POINT('',#4611);
#1367=VERTEX_POINT('',#4613);
#1368=VERTEX_POINT('',#4615);
#1369=VERTEX_POINT('',#4617);
#1370=VERTEX_POINT('',#4619);
#1371=VERTEX_POINT('',#4622);
#1372=VERTEX_POINT('',#4623);
#1373=VERTEX_POINT('',#4625);
#1374=VERTEX_POINT('',#4627);
#1375=VERTEX_POINT('',#4629);
#1376=VERTEX_POINT('',#4631);
#1377=VERTEX_POINT('',#4633);
#1378=VERTEX_POINT('',#4635);
#1379=VERTEX_POINT('',#4638);
#1380=VERTEX_POINT('',#4639);
#1381=VERTEX_POINT('',#4641);
#1382=VERTEX_POINT('',#4643);
#1383=VERTEX_POINT('',#4645);
#1384=VERTEX_POINT('',#4647);
#1385=VERTEX_POINT('',#4649);
#1386=VERTEX_POINT('',#4651);
#1387=VERTEX_POINT('',#4655);
#1388=VERTEX_POINT('',#4657);
#1389=VERTEX_POINT('',#4660);
#1390=VERTEX_POINT('',#4662);
#1391=VERTEX_POINT('',#4666);
#1392=VERTEX_POINT('',#4671);
#1393=VERTEX_POINT('',#4676);
#1394=VERTEX_POINT('',#4681);
#1395=VERTEX_POINT('',#4687);
#1396=VERTEX_POINT('',#4689);
#1397=VERTEX_POINT('',#4692);
#1398=VERTEX_POINT('',#4694);
#1399=VERTEX_POINT('',#4697);
#1400=VERTEX_POINT('',#4698);
#1401=VERTEX_POINT('',#4700);
#1402=VERTEX_POINT('',#4702);
#1403=VERTEX_POINT('',#4704);
#1404=VERTEX_POINT('',#4706);
#1405=VERTEX_POINT('',#4708);
#1406=VERTEX_POINT('',#4710);
#1407=VERTEX_POINT('',#4713);
#1408=VERTEX_POINT('',#4714);
#1409=VERTEX_POINT('',#4716);
#1410=VERTEX_POINT('',#4718);
#1411=VERTEX_POINT('',#4720);
#1412=VERTEX_POINT('',#4722);
#1413=VERTEX_POINT('',#4724);
#1414=VERTEX_POINT('',#4726);
#1415=VERTEX_POINT('',#4729);
#1416=VERTEX_POINT('',#4730);
#1417=VERTEX_POINT('',#4732);
#1418=VERTEX_POINT('',#4734);
#1419=VERTEX_POINT('',#4736);
#1420=VERTEX_POINT('',#4738);
#1421=VERTEX_POINT('',#4740);
#1422=VERTEX_POINT('',#4742);
#1423=VERTEX_POINT('',#4745);
#1424=VERTEX_POINT('',#4746);
#1425=VERTEX_POINT('',#4748);
#1426=VERTEX_POINT('',#4750);
#1427=VERTEX_POINT('',#4752);
#1428=VERTEX_POINT('',#4754);
#1429=VERTEX_POINT('',#4756);
#1430=VERTEX_POINT('',#4758);
#1431=VERTEX_POINT('',#4761);
#1432=VERTEX_POINT('',#4762);
#1433=VERTEX_POINT('',#4764);
#1434=VERTEX_POINT('',#4766);
#1435=VERTEX_POINT('',#4768);
#1436=VERTEX_POINT('',#4770);
#1437=VERTEX_POINT('',#4772);
#1438=VERTEX_POINT('',#4774);
#1439=VERTEX_POINT('',#4777);
#1440=VERTEX_POINT('',#4778);
#1441=VERTEX_POINT('',#4780);
#1442=VERTEX_POINT('',#4782);
#1443=VERTEX_POINT('',#4784);
#1444=VERTEX_POINT('',#4786);
#1445=VERTEX_POINT('',#4788);
#1446=VERTEX_POINT('',#4790);
#1447=VERTEX_POINT('',#4793);
#1448=VERTEX_POINT('',#4794);
#1449=VERTEX_POINT('',#4796);
#1450=VERTEX_POINT('',#4798);
#1451=VERTEX_POINT('',#4800);
#1452=VERTEX_POINT('',#4802);
#1453=VERTEX_POINT('',#4804);
#1454=VERTEX_POINT('',#4806);
#1455=VERTEX_POINT('',#4809);
#1456=VERTEX_POINT('',#4810);
#1457=VERTEX_POINT('',#4812);
#1458=VERTEX_POINT('',#4814);
#1459=VERTEX_POINT('',#4816);
#1460=VERTEX_POINT('',#4818);
#1461=VERTEX_POINT('',#4820);
#1462=VERTEX_POINT('',#4822);
#1463=VERTEX_POINT('',#4825);
#1464=VERTEX_POINT('',#4826);
#1465=VERTEX_POINT('',#4828);
#1466=VERTEX_POINT('',#4830);
#1467=VERTEX_POINT('',#4832);
#1468=VERTEX_POINT('',#4834);
#1469=VERTEX_POINT('',#4836);
#1470=VERTEX_POINT('',#4838);
#1471=VERTEX_POINT('',#5023);
#1472=VERTEX_POINT('',#5025);
#1473=VERTEX_POINT('',#5029);
#1474=VERTEX_POINT('',#5031);
#1475=VERTEX_POINT('',#5035);
#1476=VERTEX_POINT('',#5037);
#1477=VERTEX_POINT('',#5041);
#1478=VERTEX_POINT('',#5043);
#1479=VERTEX_POINT('',#5047);
#1480=VERTEX_POINT('',#5048);
#1481=VERTEX_POINT('',#5050);
#1482=VERTEX_POINT('',#5052);
#1483=VERTEX_POINT('',#5056);
#1484=VERTEX_POINT('',#5058);
#1485=VERTEX_POINT('',#5062);
#1486=VERTEX_POINT('',#5064);
#1487=VERTEX_POINT('',#5068);
#1488=VERTEX_POINT('',#5070);
#1489=VERTEX_POINT('',#5074);
#1490=VERTEX_POINT('',#5076);
#1491=VERTEX_POINT('',#5080);
#1492=VERTEX_POINT('',#5082);
#1493=VERTEX_POINT('',#5086);
#1494=VERTEX_POINT('',#5088);
#1495=EDGE_CURVE('',#1207,#1208,#615,.T.);
#1496=EDGE_CURVE('',#1209,#1207,#616,.T.);
#1497=EDGE_CURVE('',#1210,#1209,#617,.T.);
#1498=EDGE_CURVE('',#1208,#1210,#618,.T.);
#1499=EDGE_CURVE('',#1211,#1212,#619,.T.);
#1500=EDGE_CURVE('',#1208,#1212,#620,.T.);
#1501=EDGE_CURVE('',#1211,#1210,#621,.T.);
#1502=EDGE_CURVE('',#1213,#1214,#622,.T.);
#1503=EDGE_CURVE('',#1213,#1209,#623,.T.);
#1504=EDGE_CURVE('',#1214,#1207,#624,.T.);
#1505=EDGE_CURVE('',#1215,#1216,#128,.T.);
#1506=EDGE_CURVE('',#1216,#1217,#625,.T.);
#1507=EDGE_CURVE('',#1217,#1218,#129,.T.);
#1508=EDGE_CURVE('',#1218,#1219,#626,.T.);
#1509=EDGE_CURVE('',#1219,#1220,#130,.T.);
#1510=EDGE_CURVE('',#1220,#1221,#627,.T.);
#1511=EDGE_CURVE('',#1221,#1222,#131,.T.);
#1512=EDGE_CURVE('',#1222,#1215,#628,.T.);
#1513=EDGE_CURVE('',#1212,#1223,#132,.T.);
#1514=EDGE_CURVE('',#1223,#1224,#629,.T.);
#1515=EDGE_CURVE('',#1224,#1225,#630,.T.);
#1516=EDGE_CURVE('',#1225,#1226,#631,.T.);
#1517=EDGE_CURVE('',#1226,#1227,#133,.T.);
#1518=EDGE_CURVE('',#1227,#1228,#632,.T.);
#1519=EDGE_CURVE('',#1228,#1229,#633,.T.);
#1520=EDGE_CURVE('',#1229,#1230,#634,.T.);
#1521=EDGE_CURVE('',#1230,#1231,#134,.T.);
#1522=EDGE_CURVE('',#1231,#1232,#635,.T.);
#1523=EDGE_CURVE('',#1232,#1233,#636,.T.);
#1524=EDGE_CURVE('',#1233,#1234,#637,.T.);
#1525=EDGE_CURVE('',#1234,#1214,#135,.T.);
#1526=EDGE_CURVE('',#1235,#1234,#638,.T.);
#1527=EDGE_CURVE('',#1233,#1236,#639,.T.);
#1528=EDGE_CURVE('',#1235,#1236,#640,.T.);
#1529=EDGE_CURVE('',#1237,#1231,#641,.T.);
#1530=EDGE_CURVE('',#1237,#1238,#642,.T.);
#1531=EDGE_CURVE('',#1238,#1232,#643,.T.);
#1532=EDGE_CURVE('',#1236,#1238,#644,.T.);
#1533=EDGE_CURVE('',#1239,#1230,#645,.T.);
#1534=EDGE_CURVE('',#1229,#1240,#646,.T.);
#1535=EDGE_CURVE('',#1239,#1240,#647,.T.);
#1536=EDGE_CURVE('',#1241,#1227,#648,.T.);
#1537=EDGE_CURVE('',#1241,#1242,#649,.T.);
#1538=EDGE_CURVE('',#1242,#1228,#650,.T.);
#1539=EDGE_CURVE('',#1240,#1242,#651,.T.);
#1540=EDGE_CURVE('',#1243,#1224,#652,.T.);
#1541=EDGE_CURVE('',#1244,#1243,#653,.T.);
#1542=EDGE_CURVE('',#1225,#1244,#654,.T.);
#1543=EDGE_CURVE('',#1245,#1226,#655,.T.);
#1544=EDGE_CURVE('',#1245,#1244,#656,.T.);
#1545=EDGE_CURVE('',#1246,#1223,#657,.T.);
#1546=EDGE_CURVE('',#1246,#1243,#658,.T.);
#1547=EDGE_CURVE('',#1246,#1211,#136,.T.);
#1548=EDGE_CURVE('',#1241,#1245,#137,.T.);
#1549=EDGE_CURVE('',#1213,#1235,#138,.T.);
#1550=EDGE_CURVE('',#1237,#1239,#139,.T.);
#1551=EDGE_CURVE('',#1247,#1248,#659,.T.);
#1552=EDGE_CURVE('',#1248,#1215,#660,.T.);
#1553=EDGE_CURVE('',#1247,#1222,#661,.T.);
#1554=EDGE_CURVE('',#1249,#1247,#140,.T.);
#1555=EDGE_CURVE('',#1249,#1221,#662,.T.);
#1556=EDGE_CURVE('',#1250,#1249,#663,.T.);
#1557=EDGE_CURVE('',#1250,#1220,#664,.T.);
#1558=EDGE_CURVE('',#1251,#1250,#141,.T.);
#1559=EDGE_CURVE('',#1251,#1219,#665,.T.);
#1560=EDGE_CURVE('',#1252,#1251,#666,.T.);
#1561=EDGE_CURVE('',#1252,#1218,#667,.T.);
#1562=EDGE_CURVE('',#1253,#1252,#142,.T.);
#1563=EDGE_CURVE('',#1253,#1217,#668,.T.);
#1564=EDGE_CURVE('',#1254,#1253,#669,.T.);
#1565=EDGE_CURVE('',#1254,#1216,#670,.T.);
#1566=EDGE_CURVE('',#1248,#1254,#143,.T.);
#1567=EDGE_CURVE('',#1255,#1255,#144,.T.);
#1568=EDGE_CURVE('',#1255,#1256,#671,.T.);
#1569=EDGE_CURVE('',#1256,#1256,#145,.T.);
#1570=EDGE_CURVE('',#1257,#1257,#146,.T.);
#1571=EDGE_CURVE('',#1257,#1258,#672,.T.);
#1572=EDGE_CURVE('',#1258,#1258,#147,.T.);
#1573=EDGE_CURVE('',#1259,#1259,#148,.T.);
#1574=EDGE_CURVE('',#1259,#1260,#673,.T.);
#1575=EDGE_CURVE('',#1260,#1260,#149,.T.);
#1576=EDGE_CURVE('',#1261,#1261,#150,.T.);
#1577=EDGE_CURVE('',#1261,#1262,#674,.T.);
#1578=EDGE_CURVE('',#1262,#1262,#151,.T.);
#1579=EDGE_CURVE('',#1263,#1264,#675,.T.);
#1580=EDGE_CURVE('',#1265,#1263,#676,.T.);
#1581=EDGE_CURVE('',#1266,#1265,#677,.T.);
#1582=EDGE_CURVE('',#1264,#1266,#678,.T.);
#1583=EDGE_CURVE('',#1267,#1268,#679,.T.);
#1584=EDGE_CURVE('',#1268,#1269,#152,.T.);
#1585=EDGE_CURVE('',#1269,#1270,#680,.T.);
#1586=EDGE_CURVE('',#1270,#1271,#153,.T.);
#1587=EDGE_CURVE('',#1271,#1272,#681,.T.);
#1588=EDGE_CURVE('',#1272,#1273,#154,.T.);
#1589=EDGE_CURVE('',#1273,#1274,#682,.T.);
#1590=EDGE_CURVE('',#1274,#1267,#155,.T.);
#1591=EDGE_CURVE('',#1264,#1275,#683,.T.);
#1592=EDGE_CURVE('',#1275,#1276,#156,.T.);
#1593=EDGE_CURVE('',#1276,#1277,#684,.T.);
#1594=EDGE_CURVE('',#1277,#1278,#685,.T.);
#1595=EDGE_CURVE('',#1278,#1279,#686,.T.);
#1596=EDGE_CURVE('',#1279,#1280,#157,.T.);
#1597=EDGE_CURVE('',#1280,#1281,#687,.T.);
#1598=EDGE_CURVE('',#1281,#1282,#688,.T.);
#1599=EDGE_CURVE('',#1282,#1283,#689,.T.);
#1600=EDGE_CURVE('',#1283,#1284,#158,.T.);
#1601=EDGE_CURVE('',#1284,#1285,#690,.T.);
#1602=EDGE_CURVE('',#1285,#1286,#691,.T.);
#1603=EDGE_CURVE('',#1286,#1287,#692,.T.);
#1604=EDGE_CURVE('',#1287,#1288,#159,.T.);
#1605=EDGE_CURVE('',#1288,#1263,#693,.T.);
#1606=EDGE_CURVE('',#1289,#1289,#160,.T.);
#1607=EDGE_CURVE('',#1290,#1290,#161,.T.);
#1608=EDGE_CURVE('',#1291,#1291,#162,.T.);
#1609=EDGE_CURVE('',#1292,#1292,#163,.T.);
#1610=EDGE_CURVE('',#1293,#1277,#694,.T.);
#1611=EDGE_CURVE('',#1294,#1293,#695,.T.);
#1612=EDGE_CURVE('',#1295,#1294,#696,.T.);
#1613=EDGE_CURVE('',#1296,#1295,#697,.T.);
#1614=EDGE_CURVE('',#1278,#1296,#698,.T.);
#1615=EDGE_CURVE('',#1297,#1298,#699,.T.);
#1616=EDGE_CURVE('',#1295,#1298,#700,.T.);
#1617=EDGE_CURVE('',#1297,#1294,#701,.T.);
#1618=EDGE_CURVE('',#1299,#1281,#702,.T.);
#1619=EDGE_CURVE('',#1300,#1299,#703,.T.);
#1620=EDGE_CURVE('',#1282,#1300,#704,.T.);
#1621=EDGE_CURVE('',#1301,#1302,#705,.T.);
#1622=EDGE_CURVE('',#1301,#1303,#706,.T.);
#1623=EDGE_CURVE('',#1303,#1304,#707,.T.);
#1624=EDGE_CURVE('',#1302,#1304,#708,.T.);
#1625=EDGE_CURVE('',#1305,#1285,#709,.T.);
#1626=EDGE_CURVE('',#1304,#1305,#710,.T.);
#1627=EDGE_CURVE('',#1306,#1303,#711,.T.);
#1628=EDGE_CURVE('',#1286,#1306,#712,.T.);
#1629=EDGE_CURVE('',#1307,#1308,#713,.T.);
#1630=EDGE_CURVE('',#1308,#1309,#164,.T.);
#1631=EDGE_CURVE('',#1309,#1310,#714,.T.);
#1632=EDGE_CURVE('',#1310,#1311,#165,.T.);
#1633=EDGE_CURVE('',#1311,#1312,#715,.T.);
#1634=EDGE_CURVE('',#1312,#1313,#166,.T.);
#1635=EDGE_CURVE('',#1313,#1314,#716,.T.);
#1636=EDGE_CURVE('',#1314,#1307,#167,.T.);
#1637=EDGE_CURVE('',#1315,#1316,#168,.T.);
#1638=EDGE_CURVE('',#1316,#1317,#717,.T.);
#1639=EDGE_CURVE('',#1317,#1318,#169,.T.);
#1640=EDGE_CURVE('',#1318,#1319,#718,.T.);
#1641=EDGE_CURVE('',#1319,#1320,#170,.T.);
#1642=EDGE_CURVE('',#1320,#1321,#719,.T.);
#1643=EDGE_CURVE('',#1321,#1322,#171,.T.);
#1644=EDGE_CURVE('',#1322,#1315,#720,.T.);
#1645=EDGE_CURVE('',#1323,#1324,#172,.T.);
#1646=EDGE_CURVE('',#1324,#1325,#721,.T.);
#1647=EDGE_CURVE('',#1325,#1326,#173,.T.);
#1648=EDGE_CURVE('',#1326,#1327,#722,.T.);
#1649=EDGE_CURVE('',#1327,#1328,#174,.T.);
#1650=EDGE_CURVE('',#1328,#1329,#723,.T.);
#1651=EDGE_CURVE('',#1329,#1330,#175,.T.);
#1652=EDGE_CURVE('',#1330,#1323,#724,.T.);
#1653=EDGE_CURVE('',#1331,#1332,#176,.T.);
#1654=EDGE_CURVE('',#1332,#1333,#725,.T.);
#1655=EDGE_CURVE('',#1333,#1334,#177,.T.);
#1656=EDGE_CURVE('',#1334,#1335,#726,.T.);
#1657=EDGE_CURVE('',#1335,#1336,#178,.T.);
#1658=EDGE_CURVE('',#1336,#1337,#727,.T.);
#1659=EDGE_CURVE('',#1337,#1338,#179,.T.);
#1660=EDGE_CURVE('',#1338,#1331,#728,.T.);
#1661=EDGE_CURVE('',#1339,#1340,#180,.T.);
#1662=EDGE_CURVE('',#1340,#1341,#729,.T.);
#1663=EDGE_CURVE('',#1341,#1342,#181,.T.);
#1664=EDGE_CURVE('',#1342,#1343,#730,.T.);
#1665=EDGE_CURVE('',#1343,#1344,#182,.T.);
#1666=EDGE_CURVE('',#1344,#1345,#731,.T.);
#1667=EDGE_CURVE('',#1345,#1346,#183,.T.);
#1668=EDGE_CURVE('',#1346,#1339,#732,.T.);
#1669=EDGE_CURVE('',#1347,#1348,#184,.T.);
#1670=EDGE_CURVE('',#1348,#1349,#733,.T.);
#1671=EDGE_CURVE('',#1349,#1350,#185,.T.);
#1672=EDGE_CURVE('',#1350,#1351,#734,.T.);
#1673=EDGE_CURVE('',#1351,#1352,#186,.T.);
#1674=EDGE_CURVE('',#1352,#1353,#735,.T.);
#1675=EDGE_CURVE('',#1353,#1354,#187,.T.);
#1676=EDGE_CURVE('',#1354,#1347,#736,.T.);
#1677=EDGE_CURVE('',#1355,#1356,#188,.T.);
#1678=EDGE_CURVE('',#1356,#1357,#737,.T.);
#1679=EDGE_CURVE('',#1357,#1358,#189,.T.);
#1680=EDGE_CURVE('',#1358,#1359,#738,.T.);
#1681=EDGE_CURVE('',#1359,#1360,#190,.T.);
#1682=EDGE_CURVE('',#1360,#1361,#739,.T.);
#1683=EDGE_CURVE('',#1361,#1362,#191,.T.);
#1684=EDGE_CURVE('',#1362,#1355,#740,.T.);
#1685=EDGE_CURVE('',#1363,#1364,#192,.T.);
#1686=EDGE_CURVE('',#1364,#1365,#741,.T.);
#1687=EDGE_CURVE('',#1365,#1366,#193,.T.);
#1688=EDGE_CURVE('',#1366,#1367,#742,.T.);
#1689=EDGE_CURVE('',#1367,#1368,#194,.T.);
#1690=EDGE_CURVE('',#1368,#1369,#743,.T.);
#1691=EDGE_CURVE('',#1369,#1370,#195,.T.);
#1692=EDGE_CURVE('',#1370,#1363,#744,.T.);
#1693=EDGE_CURVE('',#1371,#1372,#196,.T.);
#1694=EDGE_CURVE('',#1372,#1373,#745,.T.);
#1695=EDGE_CURVE('',#1373,#1374,#197,.T.);
#1696=EDGE_CURVE('',#1374,#1375,#746,.T.);
#1697=EDGE_CURVE('',#1375,#1376,#198,.T.);
#1698=EDGE_CURVE('',#1376,#1377,#747,.T.);
#1699=EDGE_CURVE('',#1377,#1378,#199,.T.);
#1700=EDGE_CURVE('',#1378,#1371,#748,.T.);
#1701=EDGE_CURVE('',#1379,#1380,#200,.T.);
#1702=EDGE_CURVE('',#1380,#1381,#749,.T.);
#1703=EDGE_CURVE('',#1381,#1382,#201,.T.);
#1704=EDGE_CURVE('',#1382,#1383,#750,.T.);
#1705=EDGE_CURVE('',#1383,#1384,#202,.T.);
#1706=EDGE_CURVE('',#1384,#1385,#751,.T.);
#1707=EDGE_CURVE('',#1385,#1386,#203,.T.);
#1708=EDGE_CURVE('',#1386,#1379,#752,.T.);
#1709=EDGE_CURVE('',#1298,#1302,#753,.T.);
#1710=EDGE_CURVE('',#1305,#1387,#754,.T.);
#1711=EDGE_CURVE('',#1387,#1388,#204,.T.);
#1712=EDGE_CURVE('',#1388,#1300,#755,.T.);
#1713=EDGE_CURVE('',#1299,#1389,#756,.T.);
#1714=EDGE_CURVE('',#1389,#1390,#205,.T.);
#1715=EDGE_CURVE('',#1390,#1296,#757,.T.);
#1716=EDGE_CURVE('',#1391,#1391,#206,.T.);
#1717=EDGE_CURVE('',#1391,#1292,#758,.T.);
#1718=EDGE_CURVE('',#1392,#1392,#207,.T.);
#1719=EDGE_CURVE('',#1392,#1291,#759,.T.);
#1720=EDGE_CURVE('',#1393,#1393,#208,.T.);
#1721=EDGE_CURVE('',#1393,#1290,#760,.T.);
#1722=EDGE_CURVE('',#1394,#1394,#209,.T.);
#1723=EDGE_CURVE('',#1394,#1289,#761,.T.);
#1724=EDGE_CURVE('',#1297,#1301,#762,.T.);
#1725=EDGE_CURVE('',#1293,#1395,#763,.T.);
#1726=EDGE_CURVE('',#1395,#1396,#210,.T.);
#1727=EDGE_CURVE('',#1396,#1266,#764,.T.);
#1728=EDGE_CURVE('',#1265,#1397,#765,.T.);
#1729=EDGE_CURVE('',#1397,#1398,#211,.T.);
#1730=EDGE_CURVE('',#1398,#1306,#766,.T.);
#1731=EDGE_CURVE('',#1399,#1400,#212,.T.);
#1732=EDGE_CURVE('',#1401,#1399,#767,.T.);
#1733=EDGE_CURVE('',#1402,#1401,#213,.T.);
#1734=EDGE_CURVE('',#1403,#1402,#768,.T.);
#1735=EDGE_CURVE('',#1404,#1403,#214,.T.);
#1736=EDGE_CURVE('',#1405,#1404,#769,.T.);
#1737=EDGE_CURVE('',#1406,#1405,#215,.T.);
#1738=EDGE_CURVE('',#1400,#1406,#770,.T.);
#1739=EDGE_CURVE('',#1407,#1408,#216,.T.);
#1740=EDGE_CURVE('',#1409,#1407,#771,.T.);
#1741=EDGE_CURVE('',#1410,#1409,#217,.T.);
#1742=EDGE_CURVE('',#1411,#1410,#772,.T.);
#1743=EDGE_CURVE('',#1412,#1411,#218,.T.);
#1744=EDGE_CURVE('',#1413,#1412,#773,.T.);
#1745=EDGE_CURVE('',#1414,#1413,#219,.T.);
#1746=EDGE_CURVE('',#1408,#1414,#774,.T.);
#1747=EDGE_CURVE('',#1415,#1416,#220,.T.);
#1748=EDGE_CURVE('',#1417,#1415,#775,.T.);
#1749=EDGE_CURVE('',#1418,#1417,#221,.T.);
#1750=EDGE_CURVE('',#1419,#1418,#776,.T.);
#1751=EDGE_CURVE('',#1420,#1419,#222,.T.);
#1752=EDGE_CURVE('',#1421,#1420,#777,.T.);
#1753=EDGE_CURVE('',#1422,#1421,#223,.T.);
#1754=EDGE_CURVE('',#1416,#1422,#778,.T.);
#1755=EDGE_CURVE('',#1423,#1424,#224,.T.);
#1756=EDGE_CURVE('',#1425,#1423,#779,.T.);
#1757=EDGE_CURVE('',#1426,#1425,#225,.T.);
#1758=EDGE_CURVE('',#1427,#1426,#780,.T.);
#1759=EDGE_CURVE('',#1428,#1427,#226,.T.);
#1760=EDGE_CURVE('',#1429,#1428,#781,.T.);
#1761=EDGE_CURVE('',#1430,#1429,#227,.T.);
#1762=EDGE_CURVE('',#1424,#1430,#782,.T.);
#1763=EDGE_CURVE('',#1431,#1432,#228,.T.);
#1764=EDGE_CURVE('',#1433,#1431,#783,.T.);
#1765=EDGE_CURVE('',#1434,#1433,#229,.T.);
#1766=EDGE_CURVE('',#1435,#1434,#784,.T.);
#1767=EDGE_CURVE('',#1436,#1435,#230,.T.);
#1768=EDGE_CURVE('',#1437,#1436,#785,.T.);
#1769=EDGE_CURVE('',#1438,#1437,#231,.T.);
#1770=EDGE_CURVE('',#1432,#1438,#786,.T.);
#1771=EDGE_CURVE('',#1439,#1440,#232,.T.);
#1772=EDGE_CURVE('',#1441,#1439,#787,.T.);
#1773=EDGE_CURVE('',#1442,#1441,#233,.T.);
#1774=EDGE_CURVE('',#1443,#1442,#788,.T.);
#1775=EDGE_CURVE('',#1444,#1443,#234,.T.);
#1776=EDGE_CURVE('',#1445,#1444,#789,.T.);
#1777=EDGE_CURVE('',#1446,#1445,#235,.T.);
#1778=EDGE_CURVE('',#1440,#1446,#790,.T.);
#1779=EDGE_CURVE('',#1447,#1448,#236,.T.);
#1780=EDGE_CURVE('',#1449,#1447,#791,.T.);
#1781=EDGE_CURVE('',#1450,#1449,#237,.T.);
#1782=EDGE_CURVE('',#1451,#1450,#792,.T.);
#1783=EDGE_CURVE('',#1452,#1451,#238,.T.);
#1784=EDGE_CURVE('',#1453,#1452,#793,.T.);
#1785=EDGE_CURVE('',#1454,#1453,#239,.T.);
#1786=EDGE_CURVE('',#1448,#1454,#794,.T.);
#1787=EDGE_CURVE('',#1455,#1456,#240,.T.);
#1788=EDGE_CURVE('',#1457,#1455,#795,.T.);
#1789=EDGE_CURVE('',#1458,#1457,#241,.T.);
#1790=EDGE_CURVE('',#1459,#1458,#796,.T.);
#1791=EDGE_CURVE('',#1460,#1459,#242,.T.);
#1792=EDGE_CURVE('',#1461,#1460,#797,.T.);
#1793=EDGE_CURVE('',#1462,#1461,#243,.T.);
#1794=EDGE_CURVE('',#1456,#1462,#798,.T.);
#1795=EDGE_CURVE('',#1463,#1464,#244,.T.);
#1796=EDGE_CURVE('',#1465,#1463,#799,.T.);
#1797=EDGE_CURVE('',#1466,#1465,#245,.T.);
#1798=EDGE_CURVE('',#1467,#1466,#800,.T.);
#1799=EDGE_CURVE('',#1468,#1467,#246,.T.);
#1800=EDGE_CURVE('',#1469,#1468,#801,.T.);
#1801=EDGE_CURVE('',#1470,#1469,#247,.T.);
#1802=EDGE_CURVE('',#1464,#1470,#802,.T.);
#1803=EDGE_CURVE('',#1399,#1315,#803,.T.);
#1804=EDGE_CURVE('',#1401,#1322,#804,.T.);
#1805=EDGE_CURVE('',#1402,#1321,#805,.T.);
#1806=EDGE_CURVE('',#1403,#1320,#806,.T.);
#1807=EDGE_CURVE('',#1404,#1319,#807,.T.);
#1808=EDGE_CURVE('',#1405,#1318,#808,.T.);
#1809=EDGE_CURVE('',#1406,#1317,#809,.T.);
#1810=EDGE_CURVE('',#1400,#1316,#810,.T.);
#1811=EDGE_CURVE('',#1407,#1323,#811,.T.);
#1812=EDGE_CURVE('',#1409,#1330,#812,.T.);
#1813=EDGE_CURVE('',#1410,#1329,#813,.T.);
#1814=EDGE_CURVE('',#1411,#1328,#814,.T.);
#1815=EDGE_CURVE('',#1412,#1327,#815,.T.);
#1816=EDGE_CURVE('',#1413,#1326,#816,.T.);
#1817=EDGE_CURVE('',#1414,#1325,#817,.T.);
#1818=EDGE_CURVE('',#1408,#1324,#818,.T.);
#1819=EDGE_CURVE('',#1415,#1331,#819,.T.);
#1820=EDGE_CURVE('',#1417,#1338,#820,.T.);
#1821=EDGE_CURVE('',#1418,#1337,#821,.T.);
#1822=EDGE_CURVE('',#1419,#1336,#822,.T.);
#1823=EDGE_CURVE('',#1420,#1335,#823,.T.);
#1824=EDGE_CURVE('',#1421,#1334,#824,.T.);
#1825=EDGE_CURVE('',#1422,#1333,#825,.T.);
#1826=EDGE_CURVE('',#1416,#1332,#826,.T.);
#1827=EDGE_CURVE('',#1423,#1339,#827,.T.);
#1828=EDGE_CURVE('',#1425,#1346,#828,.T.);
#1829=EDGE_CURVE('',#1426,#1345,#829,.T.);
#1830=EDGE_CURVE('',#1427,#1344,#830,.T.);
#1831=EDGE_CURVE('',#1428,#1343,#831,.T.);
#1832=EDGE_CURVE('',#1429,#1342,#832,.T.);
#1833=EDGE_CURVE('',#1430,#1341,#833,.T.);
#1834=EDGE_CURVE('',#1424,#1340,#834,.T.);
#1835=EDGE_CURVE('',#1431,#1347,#835,.T.);
#1836=EDGE_CURVE('',#1433,#1354,#836,.T.);
#1837=EDGE_CURVE('',#1434,#1353,#837,.T.);
#1838=EDGE_CURVE('',#1435,#1352,#838,.T.);
#1839=EDGE_CURVE('',#1436,#1351,#839,.T.);
#1840=EDGE_CURVE('',#1437,#1350,#840,.T.);
#1841=EDGE_CURVE('',#1438,#1349,#841,.T.);
#1842=EDGE_CURVE('',#1432,#1348,#842,.T.);
#1843=EDGE_CURVE('',#1439,#1355,#843,.T.);
#1844=EDGE_CURVE('',#1441,#1362,#844,.T.);
#1845=EDGE_CURVE('',#1442,#1361,#845,.T.);
#1846=EDGE_CURVE('',#1443,#1360,#846,.T.);
#1847=EDGE_CURVE('',#1444,#1359,#847,.T.);
#1848=EDGE_CURVE('',#1445,#1358,#848,.T.);
#1849=EDGE_CURVE('',#1446,#1357,#849,.T.);
#1850=EDGE_CURVE('',#1440,#1356,#850,.T.);
#1851=EDGE_CURVE('',#1447,#1363,#851,.T.);
#1852=EDGE_CURVE('',#1449,#1370,#852,.T.);
#1853=EDGE_CURVE('',#1450,#1369,#853,.T.);
#1854=EDGE_CURVE('',#1451,#1368,#854,.T.);
#1855=EDGE_CURVE('',#1452,#1367,#855,.T.);
#1856=EDGE_CURVE('',#1453,#1366,#856,.T.);
#1857=EDGE_CURVE('',#1454,#1365,#857,.T.);
#1858=EDGE_CURVE('',#1448,#1364,#858,.T.);
#1859=EDGE_CURVE('',#1455,#1371,#859,.T.);
#1860=EDGE_CURVE('',#1457,#1378,#860,.T.);
#1861=EDGE_CURVE('',#1458,#1377,#861,.T.);
#1862=EDGE_CURVE('',#1459,#1376,#862,.T.);
#1863=EDGE_CURVE('',#1460,#1375,#863,.T.);
#1864=EDGE_CURVE('',#1461,#1374,#864,.T.);
#1865=EDGE_CURVE('',#1462,#1373,#865,.T.);
#1866=EDGE_CURVE('',#1456,#1372,#866,.T.);
#1867=EDGE_CURVE('',#1463,#1379,#867,.T.);
#1868=EDGE_CURVE('',#1465,#1386,#868,.T.);
#1869=EDGE_CURVE('',#1466,#1385,#869,.T.);
#1870=EDGE_CURVE('',#1467,#1384,#870,.T.);
#1871=EDGE_CURVE('',#1468,#1383,#871,.T.);
#1872=EDGE_CURVE('',#1469,#1382,#872,.T.);
#1873=EDGE_CURVE('',#1470,#1381,#873,.T.);
#1874=EDGE_CURVE('',#1464,#1380,#874,.T.);
#1875=EDGE_CURVE('',#1389,#1280,#875,.T.);
#1876=EDGE_CURVE('',#1390,#1279,#876,.T.);
#1877=EDGE_CURVE('',#1395,#1276,#877,.T.);
#1878=EDGE_CURVE('',#1396,#1275,#878,.T.);
#1879=EDGE_CURVE('',#1397,#1288,#879,.T.);
#1880=EDGE_CURVE('',#1398,#1287,#880,.T.);
#1881=EDGE_CURVE('',#1387,#1284,#881,.T.);
#1882=EDGE_CURVE('',#1388,#1283,#882,.T.);
#1883=EDGE_CURVE('',#1267,#1314,#883,.T.);
#1884=EDGE_CURVE('',#1307,#1274,#884,.T.);
#1885=EDGE_CURVE('',#1308,#1273,#885,.T.);
#1886=EDGE_CURVE('',#1309,#1272,#886,.T.);
#1887=EDGE_CURVE('',#1310,#1271,#887,.T.);
#1888=EDGE_CURVE('',#1311,#1270,#888,.T.);
#1889=EDGE_CURVE('',#1312,#1269,#889,.T.);
#1890=EDGE_CURVE('',#1313,#1268,#890,.T.);
#1891=EDGE_CURVE('',#1471,#1471,#248,.T.);
#1892=EDGE_CURVE('',#1471,#1472,#891,.T.);
#1893=EDGE_CURVE('',#1472,#1472,#249,.T.);
#1894=EDGE_CURVE('',#1473,#1473,#250,.T.);
#1895=EDGE_CURVE('',#1473,#1474,#892,.T.);
#1896=EDGE_CURVE('',#1474,#1474,#251,.T.);
#1897=EDGE_CURVE('',#1475,#1475,#252,.T.);
#1898=EDGE_CURVE('',#1475,#1476,#893,.T.);
#1899=EDGE_CURVE('',#1476,#1476,#253,.T.);
#1900=EDGE_CURVE('',#1477,#1477,#254,.T.);
#1901=EDGE_CURVE('',#1477,#1478,#894,.T.);
#1902=EDGE_CURVE('',#1478,#1478,#255,.T.);
#1903=EDGE_CURVE('',#1479,#1480,#895,.T.);
#1904=EDGE_CURVE('',#1479,#1481,#896,.T.);
#1905=EDGE_CURVE('',#1482,#1481,#897,.T.);
#1906=EDGE_CURVE('',#1480,#1482,#898,.T.);
#1907=EDGE_CURVE('',#1480,#1483,#256,.T.);
#1908=EDGE_CURVE('',#1484,#1482,#257,.T.);
#1909=EDGE_CURVE('',#1483,#1484,#899,.T.);
#1910=EDGE_CURVE('',#1483,#1485,#900,.T.);
#1911=EDGE_CURVE('',#1486,#1484,#901,.T.);
#1912=EDGE_CURVE('',#1485,#1486,#902,.T.);
#1913=EDGE_CURVE('',#1485,#1487,#258,.T.);
#1914=EDGE_CURVE('',#1488,#1486,#259,.T.);
#1915=EDGE_CURVE('',#1487,#1488,#903,.T.);
#1916=EDGE_CURVE('',#1487,#1489,#904,.T.);
#1917=EDGE_CURVE('',#1490,#1488,#905,.T.);
#1918=EDGE_CURVE('',#1489,#1490,#906,.T.);
#1919=EDGE_CURVE('',#1489,#1491,#260,.T.);
#1920=EDGE_CURVE('',#1492,#1490,#261,.T.);
#1921=EDGE_CURVE('',#1491,#1492,#907,.T.);
#1922=EDGE_CURVE('',#1491,#1493,#908,.T.);
#1923=EDGE_CURVE('',#1494,#1492,#909,.T.);
#1924=EDGE_CURVE('',#1493,#1494,#910,.T.);
#1925=EDGE_CURVE('',#1493,#1479,#262,.T.);
#1926=EDGE_CURVE('',#1481,#1494,#263,.T.);
#1927=ORIENTED_EDGE('',*,*,#1495,.F.);
#1928=ORIENTED_EDGE('',*,*,#1496,.F.);
#1929=ORIENTED_EDGE('',*,*,#1497,.F.);
#1930=ORIENTED_EDGE('',*,*,#1498,.F.);
#1931=ORIENTED_EDGE('',*,*,#1499,.T.);
#1932=ORIENTED_EDGE('',*,*,#1500,.F.);
#1933=ORIENTED_EDGE('',*,*,#1498,.T.);
#1934=ORIENTED_EDGE('',*,*,#1501,.F.);
#1935=ORIENTED_EDGE('',*,*,#1502,.F.);
#1936=ORIENTED_EDGE('',*,*,#1503,.T.);
#1937=ORIENTED_EDGE('',*,*,#1496,.T.);
#1938=ORIENTED_EDGE('',*,*,#1504,.F.);
#1939=ORIENTED_EDGE('',*,*,#1505,.T.);
#1940=ORIENTED_EDGE('',*,*,#1506,.T.);
#1941=ORIENTED_EDGE('',*,*,#1507,.T.);
#1942=ORIENTED_EDGE('',*,*,#1508,.T.);
#1943=ORIENTED_EDGE('',*,*,#1509,.T.);
#1944=ORIENTED_EDGE('',*,*,#1510,.T.);
#1945=ORIENTED_EDGE('',*,*,#1511,.T.);
#1946=ORIENTED_EDGE('',*,*,#1512,.T.);
#1947=ORIENTED_EDGE('',*,*,#1504,.T.);
#1948=ORIENTED_EDGE('',*,*,#1495,.T.);
#1949=ORIENTED_EDGE('',*,*,#1500,.T.);
#1950=ORIENTED_EDGE('',*,*,#1513,.T.);
#1951=ORIENTED_EDGE('',*,*,#1514,.T.);
#1952=ORIENTED_EDGE('',*,*,#1515,.T.);
#1953=ORIENTED_EDGE('',*,*,#1516,.T.);
#1954=ORIENTED_EDGE('',*,*,#1517,.T.);
#1955=ORIENTED_EDGE('',*,*,#1518,.T.);
#1956=ORIENTED_EDGE('',*,*,#1519,.T.);
#1957=ORIENTED_EDGE('',*,*,#1520,.T.);
#1958=ORIENTED_EDGE('',*,*,#1521,.T.);
#1959=ORIENTED_EDGE('',*,*,#1522,.T.);
#1960=ORIENTED_EDGE('',*,*,#1523,.T.);
#1961=ORIENTED_EDGE('',*,*,#1524,.T.);
#1962=ORIENTED_EDGE('',*,*,#1525,.T.);
#1963=ORIENTED_EDGE('',*,*,#1526,.T.);
#1964=ORIENTED_EDGE('',*,*,#1524,.F.);
#1965=ORIENTED_EDGE('',*,*,#1527,.T.);
#1966=ORIENTED_EDGE('',*,*,#1528,.F.);
#1967=ORIENTED_EDGE('',*,*,#1529,.F.);
#1968=ORIENTED_EDGE('',*,*,#1530,.T.);
#1969=ORIENTED_EDGE('',*,*,#1531,.T.);
#1970=ORIENTED_EDGE('',*,*,#1522,.F.);
#1971=ORIENTED_EDGE('',*,*,#1523,.F.);
#1972=ORIENTED_EDGE('',*,*,#1531,.F.);
#1973=ORIENTED_EDGE('',*,*,#1532,.F.);
#1974=ORIENTED_EDGE('',*,*,#1527,.F.);
#1975=ORIENTED_EDGE('',*,*,#1533,.T.);
#1976=ORIENTED_EDGE('',*,*,#1520,.F.);
#1977=ORIENTED_EDGE('',*,*,#1534,.T.);
#1978=ORIENTED_EDGE('',*,*,#1535,.F.);
#1979=ORIENTED_EDGE('',*,*,#1536,.F.);
#1980=ORIENTED_EDGE('',*,*,#1537,.T.);
#1981=ORIENTED_EDGE('',*,*,#1538,.T.);
#1982=ORIENTED_EDGE('',*,*,#1518,.F.);
#1983=ORIENTED_EDGE('',*,*,#1519,.F.);
#1984=ORIENTED_EDGE('',*,*,#1538,.F.);
#1985=ORIENTED_EDGE('',*,*,#1539,.F.);
#1986=ORIENTED_EDGE('',*,*,#1534,.F.);
#1987=ORIENTED_EDGE('',*,*,#1515,.F.);
#1988=ORIENTED_EDGE('',*,*,#1540,.F.);
#1989=ORIENTED_EDGE('',*,*,#1541,.F.);
#1990=ORIENTED_EDGE('',*,*,#1542,.F.);
#1991=ORIENTED_EDGE('',*,*,#1543,.T.);
#1992=ORIENTED_EDGE('',*,*,#1516,.F.);
#1993=ORIENTED_EDGE('',*,*,#1542,.T.);
#1994=ORIENTED_EDGE('',*,*,#1544,.F.);
#1995=ORIENTED_EDGE('',*,*,#1545,.F.);
#1996=ORIENTED_EDGE('',*,*,#1546,.T.);
#1997=ORIENTED_EDGE('',*,*,#1540,.T.);
#1998=ORIENTED_EDGE('',*,*,#1514,.F.);
#1999=ORIENTED_EDGE('',*,*,#1547,.F.);
#2000=ORIENTED_EDGE('',*,*,#1545,.T.);
#2001=ORIENTED_EDGE('',*,*,#1513,.F.);
#2002=ORIENTED_EDGE('',*,*,#1499,.F.);
#2003=ORIENTED_EDGE('',*,*,#1548,.F.);
#2004=ORIENTED_EDGE('',*,*,#1536,.T.);
#2005=ORIENTED_EDGE('',*,*,#1517,.F.);
#2006=ORIENTED_EDGE('',*,*,#1543,.F.);
#2007=ORIENTED_EDGE('',*,*,#1549,.F.);
#2008=ORIENTED_EDGE('',*,*,#1502,.T.);
#2009=ORIENTED_EDGE('',*,*,#1525,.F.);
#2010=ORIENTED_EDGE('',*,*,#1526,.F.);
#2011=ORIENTED_EDGE('',*,*,#1550,.F.);
#2012=ORIENTED_EDGE('',*,*,#1529,.T.);
#2013=ORIENTED_EDGE('',*,*,#1521,.F.);
#2014=ORIENTED_EDGE('',*,*,#1533,.F.);
#2015=ORIENTED_EDGE('',*,*,#1551,.T.);
#2016=ORIENTED_EDGE('',*,*,#1552,.T.);
#2017=ORIENTED_EDGE('',*,*,#1512,.F.);
#2018=ORIENTED_EDGE('',*,*,#1553,.F.);
#2019=ORIENTED_EDGE('',*,*,#1554,.T.);
#2020=ORIENTED_EDGE('',*,*,#1553,.T.);
#2021=ORIENTED_EDGE('',*,*,#1511,.F.);
#2022=ORIENTED_EDGE('',*,*,#1555,.F.);
#2023=ORIENTED_EDGE('',*,*,#1556,.T.);
#2024=ORIENTED_EDGE('',*,*,#1555,.T.);
#2025=ORIENTED_EDGE('',*,*,#1510,.F.);
#2026=ORIENTED_EDGE('',*,*,#1557,.F.);
#2027=ORIENTED_EDGE('',*,*,#1558,.T.);
#2028=ORIENTED_EDGE('',*,*,#1557,.T.);
#2029=ORIENTED_EDGE('',*,*,#1509,.F.);
#2030=ORIENTED_EDGE('',*,*,#1559,.F.);
#2031=ORIENTED_EDGE('',*,*,#1560,.T.);
#2032=ORIENTED_EDGE('',*,*,#1559,.T.);
#2033=ORIENTED_EDGE('',*,*,#1508,.F.);
#2034=ORIENTED_EDGE('',*,*,#1561,.F.);
#2035=ORIENTED_EDGE('',*,*,#1562,.T.);
#2036=ORIENTED_EDGE('',*,*,#1561,.T.);
#2037=ORIENTED_EDGE('',*,*,#1507,.F.);
#2038=ORIENTED_EDGE('',*,*,#1563,.F.);
#2039=ORIENTED_EDGE('',*,*,#1564,.T.);
#2040=ORIENTED_EDGE('',*,*,#1563,.T.);
#2041=ORIENTED_EDGE('',*,*,#1506,.F.);
#2042=ORIENTED_EDGE('',*,*,#1565,.F.);
#2043=ORIENTED_EDGE('',*,*,#1566,.T.);
#2044=ORIENTED_EDGE('',*,*,#1565,.T.);
#2045=ORIENTED_EDGE('',*,*,#1505,.F.);
#2046=ORIENTED_EDGE('',*,*,#1552,.F.);
#2047=ORIENTED_EDGE('',*,*,#1567,.F.);
#2048=ORIENTED_EDGE('',*,*,#1568,.T.);
#2049=ORIENTED_EDGE('',*,*,#1569,.T.);
#2050=ORIENTED_EDGE('',*,*,#1568,.F.);
#2051=ORIENTED_EDGE('',*,*,#1570,.F.);
#2052=ORIENTED_EDGE('',*,*,#1571,.T.);
#2053=ORIENTED_EDGE('',*,*,#1572,.T.);
#2054=ORIENTED_EDGE('',*,*,#1571,.F.);
#2055=ORIENTED_EDGE('',*,*,#1573,.F.);
#2056=ORIENTED_EDGE('',*,*,#1574,.T.);
#2057=ORIENTED_EDGE('',*,*,#1575,.T.);
#2058=ORIENTED_EDGE('',*,*,#1574,.F.);
#2059=ORIENTED_EDGE('',*,*,#1576,.F.);
#2060=ORIENTED_EDGE('',*,*,#1577,.T.);
#2061=ORIENTED_EDGE('',*,*,#1578,.T.);
#2062=ORIENTED_EDGE('',*,*,#1577,.F.);
#2063=ORIENTED_EDGE('',*,*,#1548,.T.);
#2064=ORIENTED_EDGE('',*,*,#1544,.T.);
#2065=ORIENTED_EDGE('',*,*,#1541,.T.);
#2066=ORIENTED_EDGE('',*,*,#1546,.F.);
#2067=ORIENTED_EDGE('',*,*,#1547,.T.);
#2068=ORIENTED_EDGE('',*,*,#1501,.T.);
#2069=ORIENTED_EDGE('',*,*,#1497,.T.);
#2070=ORIENTED_EDGE('',*,*,#1503,.F.);
#2071=ORIENTED_EDGE('',*,*,#1549,.T.);
#2072=ORIENTED_EDGE('',*,*,#1528,.T.);
#2073=ORIENTED_EDGE('',*,*,#1532,.T.);
#2074=ORIENTED_EDGE('',*,*,#1530,.F.);
#2075=ORIENTED_EDGE('',*,*,#1550,.T.);
#2076=ORIENTED_EDGE('',*,*,#1535,.T.);
#2077=ORIENTED_EDGE('',*,*,#1539,.T.);
#2078=ORIENTED_EDGE('',*,*,#1537,.F.);
#2079=ORIENTED_EDGE('',*,*,#1576,.T.);
#2080=ORIENTED_EDGE('',*,*,#1573,.T.);
#2081=ORIENTED_EDGE('',*,*,#1570,.T.);
#2082=ORIENTED_EDGE('',*,*,#1567,.T.);
#2083=ORIENTED_EDGE('',*,*,#1566,.F.);
#2084=ORIENTED_EDGE('',*,*,#1551,.F.);
#2085=ORIENTED_EDGE('',*,*,#1554,.F.);
#2086=ORIENTED_EDGE('',*,*,#1556,.F.);
#2087=ORIENTED_EDGE('',*,*,#1558,.F.);
#2088=ORIENTED_EDGE('',*,*,#1560,.F.);
#2089=ORIENTED_EDGE('',*,*,#1562,.F.);
#2090=ORIENTED_EDGE('',*,*,#1564,.F.);
#2091=ORIENTED_EDGE('',*,*,#1578,.F.);
#2092=ORIENTED_EDGE('',*,*,#1575,.F.);
#2093=ORIENTED_EDGE('',*,*,#1572,.F.);
#2094=ORIENTED_EDGE('',*,*,#1569,.F.);
#2095=ORIENTED_EDGE('',*,*,#1579,.F.);
#2096=ORIENTED_EDGE('',*,*,#1580,.F.);
#2097=ORIENTED_EDGE('',*,*,#1581,.F.);
#2098=ORIENTED_EDGE('',*,*,#1582,.F.);
#2099=ORIENTED_EDGE('',*,*,#1583,.T.);
#2100=ORIENTED_EDGE('',*,*,#1584,.T.);
#2101=ORIENTED_EDGE('',*,*,#1585,.T.);
#2102=ORIENTED_EDGE('',*,*,#1586,.T.);
#2103=ORIENTED_EDGE('',*,*,#1587,.T.);
#2104=ORIENTED_EDGE('',*,*,#1588,.T.);
#2105=ORIENTED_EDGE('',*,*,#1589,.T.);
#2106=ORIENTED_EDGE('',*,*,#1590,.T.);
#2107=ORIENTED_EDGE('',*,*,#1591,.T.);
#2108=ORIENTED_EDGE('',*,*,#1592,.T.);
#2109=ORIENTED_EDGE('',*,*,#1593,.T.);
#2110=ORIENTED_EDGE('',*,*,#1594,.T.);
#2111=ORIENTED_EDGE('',*,*,#1595,.T.);
#2112=ORIENTED_EDGE('',*,*,#1596,.T.);
#2113=ORIENTED_EDGE('',*,*,#1597,.T.);
#2114=ORIENTED_EDGE('',*,*,#1598,.T.);
#2115=ORIENTED_EDGE('',*,*,#1599,.T.);
#2116=ORIENTED_EDGE('',*,*,#1600,.T.);
#2117=ORIENTED_EDGE('',*,*,#1601,.T.);
#2118=ORIENTED_EDGE('',*,*,#1602,.T.);
#2119=ORIENTED_EDGE('',*,*,#1603,.T.);
#2120=ORIENTED_EDGE('',*,*,#1604,.T.);
#2121=ORIENTED_EDGE('',*,*,#1605,.T.);
#2122=ORIENTED_EDGE('',*,*,#1579,.T.);
#2123=ORIENTED_EDGE('',*,*,#1606,.T.);
#2124=ORIENTED_EDGE('',*,*,#1607,.T.);
#2125=ORIENTED_EDGE('',*,*,#1608,.T.);
#2126=ORIENTED_EDGE('',*,*,#1609,.T.);
#2127=ORIENTED_EDGE('',*,*,#1594,.F.);
#2128=ORIENTED_EDGE('',*,*,#1610,.F.);
#2129=ORIENTED_EDGE('',*,*,#1611,.F.);
#2130=ORIENTED_EDGE('',*,*,#1612,.F.);
#2131=ORIENTED_EDGE('',*,*,#1613,.F.);
#2132=ORIENTED_EDGE('',*,*,#1614,.F.);
#2133=ORIENTED_EDGE('',*,*,#1615,.T.);
#2134=ORIENTED_EDGE('',*,*,#1616,.F.);
#2135=ORIENTED_EDGE('',*,*,#1612,.T.);
#2136=ORIENTED_EDGE('',*,*,#1617,.F.);
#2137=ORIENTED_EDGE('',*,*,#1598,.F.);
#2138=ORIENTED_EDGE('',*,*,#1618,.F.);
#2139=ORIENTED_EDGE('',*,*,#1619,.F.);
#2140=ORIENTED_EDGE('',*,*,#1620,.F.);
#2141=ORIENTED_EDGE('',*,*,#1621,.F.);
#2142=ORIENTED_EDGE('',*,*,#1622,.T.);
#2143=ORIENTED_EDGE('',*,*,#1623,.T.);
#2144=ORIENTED_EDGE('',*,*,#1624,.F.);
#2145=ORIENTED_EDGE('',*,*,#1602,.F.);
#2146=ORIENTED_EDGE('',*,*,#1625,.F.);
#2147=ORIENTED_EDGE('',*,*,#1626,.F.);
#2148=ORIENTED_EDGE('',*,*,#1623,.F.);
#2149=ORIENTED_EDGE('',*,*,#1627,.F.);
#2150=ORIENTED_EDGE('',*,*,#1628,.F.);
#2151=ORIENTED_EDGE('',*,*,#1629,.T.);
#2152=ORIENTED_EDGE('',*,*,#1630,.T.);
#2153=ORIENTED_EDGE('',*,*,#1631,.T.);
#2154=ORIENTED_EDGE('',*,*,#1632,.T.);
#2155=ORIENTED_EDGE('',*,*,#1633,.T.);
#2156=ORIENTED_EDGE('',*,*,#1634,.T.);
#2157=ORIENTED_EDGE('',*,*,#1635,.T.);
#2158=ORIENTED_EDGE('',*,*,#1636,.T.);
#2159=ORIENTED_EDGE('',*,*,#1637,.T.);
#2160=ORIENTED_EDGE('',*,*,#1638,.T.);
#2161=ORIENTED_EDGE('',*,*,#1639,.T.);
#2162=ORIENTED_EDGE('',*,*,#1640,.T.);
#2163=ORIENTED_EDGE('',*,*,#1641,.T.);
#2164=ORIENTED_EDGE('',*,*,#1642,.T.);
#2165=ORIENTED_EDGE('',*,*,#1643,.T.);
#2166=ORIENTED_EDGE('',*,*,#1644,.T.);
#2167=ORIENTED_EDGE('',*,*,#1645,.T.);
#2168=ORIENTED_EDGE('',*,*,#1646,.T.);
#2169=ORIENTED_EDGE('',*,*,#1647,.T.);
#2170=ORIENTED_EDGE('',*,*,#1648,.T.);
#2171=ORIENTED_EDGE('',*,*,#1649,.T.);
#2172=ORIENTED_EDGE('',*,*,#1650,.T.);
#2173=ORIENTED_EDGE('',*,*,#1651,.T.);
#2174=ORIENTED_EDGE('',*,*,#1652,.T.);
#2175=ORIENTED_EDGE('',*,*,#1653,.T.);
#2176=ORIENTED_EDGE('',*,*,#1654,.T.);
#2177=ORIENTED_EDGE('',*,*,#1655,.T.);
#2178=ORIENTED_EDGE('',*,*,#1656,.T.);
#2179=ORIENTED_EDGE('',*,*,#1657,.T.);
#2180=ORIENTED_EDGE('',*,*,#1658,.T.);
#2181=ORIENTED_EDGE('',*,*,#1659,.T.);
#2182=ORIENTED_EDGE('',*,*,#1660,.T.);
#2183=ORIENTED_EDGE('',*,*,#1661,.T.);
#2184=ORIENTED_EDGE('',*,*,#1662,.T.);
#2185=ORIENTED_EDGE('',*,*,#1663,.T.);
#2186=ORIENTED_EDGE('',*,*,#1664,.T.);
#2187=ORIENTED_EDGE('',*,*,#1665,.T.);
#2188=ORIENTED_EDGE('',*,*,#1666,.T.);
#2189=ORIENTED_EDGE('',*,*,#1667,.T.);
#2190=ORIENTED_EDGE('',*,*,#1668,.T.);
#2191=ORIENTED_EDGE('',*,*,#1669,.T.);
#2192=ORIENTED_EDGE('',*,*,#1670,.T.);
#2193=ORIENTED_EDGE('',*,*,#1671,.T.);
#2194=ORIENTED_EDGE('',*,*,#1672,.T.);
#2195=ORIENTED_EDGE('',*,*,#1673,.T.);
#2196=ORIENTED_EDGE('',*,*,#1674,.T.);
#2197=ORIENTED_EDGE('',*,*,#1675,.T.);
#2198=ORIENTED_EDGE('',*,*,#1676,.T.);
#2199=ORIENTED_EDGE('',*,*,#1677,.T.);
#2200=ORIENTED_EDGE('',*,*,#1678,.T.);
#2201=ORIENTED_EDGE('',*,*,#1679,.T.);
#2202=ORIENTED_EDGE('',*,*,#1680,.T.);
#2203=ORIENTED_EDGE('',*,*,#1681,.T.);
#2204=ORIENTED_EDGE('',*,*,#1682,.T.);
#2205=ORIENTED_EDGE('',*,*,#1683,.T.);
#2206=ORIENTED_EDGE('',*,*,#1684,.T.);
#2207=ORIENTED_EDGE('',*,*,#1685,.T.);
#2208=ORIENTED_EDGE('',*,*,#1686,.T.);
#2209=ORIENTED_EDGE('',*,*,#1687,.T.);
#2210=ORIENTED_EDGE('',*,*,#1688,.T.);
#2211=ORIENTED_EDGE('',*,*,#1689,.T.);
#2212=ORIENTED_EDGE('',*,*,#1690,.T.);
#2213=ORIENTED_EDGE('',*,*,#1691,.T.);
#2214=ORIENTED_EDGE('',*,*,#1692,.T.);
#2215=ORIENTED_EDGE('',*,*,#1693,.T.);
#2216=ORIENTED_EDGE('',*,*,#1694,.T.);
#2217=ORIENTED_EDGE('',*,*,#1695,.T.);
#2218=ORIENTED_EDGE('',*,*,#1696,.T.);
#2219=ORIENTED_EDGE('',*,*,#1697,.T.);
#2220=ORIENTED_EDGE('',*,*,#1698,.T.);
#2221=ORIENTED_EDGE('',*,*,#1699,.T.);
#2222=ORIENTED_EDGE('',*,*,#1700,.T.);
#2223=ORIENTED_EDGE('',*,*,#1701,.T.);
#2224=ORIENTED_EDGE('',*,*,#1702,.T.);
#2225=ORIENTED_EDGE('',*,*,#1703,.T.);
#2226=ORIENTED_EDGE('',*,*,#1704,.T.);
#2227=ORIENTED_EDGE('',*,*,#1705,.T.);
#2228=ORIENTED_EDGE('',*,*,#1706,.T.);
#2229=ORIENTED_EDGE('',*,*,#1707,.T.);
#2230=ORIENTED_EDGE('',*,*,#1708,.T.);
#2231=ORIENTED_EDGE('',*,*,#1616,.T.);
#2232=ORIENTED_EDGE('',*,*,#1709,.T.);
#2233=ORIENTED_EDGE('',*,*,#1624,.T.);
#2234=ORIENTED_EDGE('',*,*,#1626,.T.);
#2235=ORIENTED_EDGE('',*,*,#1710,.T.);
#2236=ORIENTED_EDGE('',*,*,#1711,.T.);
#2237=ORIENTED_EDGE('',*,*,#1712,.T.);
#2238=ORIENTED_EDGE('',*,*,#1619,.T.);
#2239=ORIENTED_EDGE('',*,*,#1713,.T.);
#2240=ORIENTED_EDGE('',*,*,#1714,.T.);
#2241=ORIENTED_EDGE('',*,*,#1715,.T.);
#2242=ORIENTED_EDGE('',*,*,#1613,.T.);
#2243=ORIENTED_EDGE('',*,*,#1716,.T.);
#2244=ORIENTED_EDGE('',*,*,#1717,.T.);
#2245=ORIENTED_EDGE('',*,*,#1609,.F.);
#2246=ORIENTED_EDGE('',*,*,#1717,.F.);
#2247=ORIENTED_EDGE('',*,*,#1716,.F.);
#2248=ORIENTED_EDGE('',*,*,#1718,.T.);
#2249=ORIENTED_EDGE('',*,*,#1719,.T.);
#2250=ORIENTED_EDGE('',*,*,#1608,.F.);
#2251=ORIENTED_EDGE('',*,*,#1719,.F.);
#2252=ORIENTED_EDGE('',*,*,#1718,.F.);
#2253=ORIENTED_EDGE('',*,*,#1720,.T.);
#2254=ORIENTED_EDGE('',*,*,#1721,.T.);
#2255=ORIENTED_EDGE('',*,*,#1607,.F.);
#2256=ORIENTED_EDGE('',*,*,#1721,.F.);
#2257=ORIENTED_EDGE('',*,*,#1720,.F.);
#2258=ORIENTED_EDGE('',*,*,#1722,.T.);
#2259=ORIENTED_EDGE('',*,*,#1723,.T.);
#2260=ORIENTED_EDGE('',*,*,#1606,.F.);
#2261=ORIENTED_EDGE('',*,*,#1723,.F.);
#2262=ORIENTED_EDGE('',*,*,#1722,.F.);
#2263=ORIENTED_EDGE('',*,*,#1724,.F.);
#2264=ORIENTED_EDGE('',*,*,#1617,.T.);
#2265=ORIENTED_EDGE('',*,*,#1611,.T.);
#2266=ORIENTED_EDGE('',*,*,#1725,.T.);
#2267=ORIENTED_EDGE('',*,*,#1726,.T.);
#2268=ORIENTED_EDGE('',*,*,#1727,.T.);
#2269=ORIENTED_EDGE('',*,*,#1581,.T.);
#2270=ORIENTED_EDGE('',*,*,#1728,.T.);
#2271=ORIENTED_EDGE('',*,*,#1729,.T.);
#2272=ORIENTED_EDGE('',*,*,#1730,.T.);
#2273=ORIENTED_EDGE('',*,*,#1627,.T.);
#2274=ORIENTED_EDGE('',*,*,#1622,.F.);
#2275=ORIENTED_EDGE('',*,*,#1731,.F.);
#2276=ORIENTED_EDGE('',*,*,#1732,.F.);
#2277=ORIENTED_EDGE('',*,*,#1733,.F.);
#2278=ORIENTED_EDGE('',*,*,#1734,.F.);
#2279=ORIENTED_EDGE('',*,*,#1735,.F.);
#2280=ORIENTED_EDGE('',*,*,#1736,.F.);
#2281=ORIENTED_EDGE('',*,*,#1737,.F.);
#2282=ORIENTED_EDGE('',*,*,#1738,.F.);
#2283=ORIENTED_EDGE('',*,*,#1739,.F.);
#2284=ORIENTED_EDGE('',*,*,#1740,.F.);
#2285=ORIENTED_EDGE('',*,*,#1741,.F.);
#2286=ORIENTED_EDGE('',*,*,#1742,.F.);
#2287=ORIENTED_EDGE('',*,*,#1743,.F.);
#2288=ORIENTED_EDGE('',*,*,#1744,.F.);
#2289=ORIENTED_EDGE('',*,*,#1745,.F.);
#2290=ORIENTED_EDGE('',*,*,#1746,.F.);
#2291=ORIENTED_EDGE('',*,*,#1747,.F.);
#2292=ORIENTED_EDGE('',*,*,#1748,.F.);
#2293=ORIENTED_EDGE('',*,*,#1749,.F.);
#2294=ORIENTED_EDGE('',*,*,#1750,.F.);
#2295=ORIENTED_EDGE('',*,*,#1751,.F.);
#2296=ORIENTED_EDGE('',*,*,#1752,.F.);
#2297=ORIENTED_EDGE('',*,*,#1753,.F.);
#2298=ORIENTED_EDGE('',*,*,#1754,.F.);
#2299=ORIENTED_EDGE('',*,*,#1755,.F.);
#2300=ORIENTED_EDGE('',*,*,#1756,.F.);
#2301=ORIENTED_EDGE('',*,*,#1757,.F.);
#2302=ORIENTED_EDGE('',*,*,#1758,.F.);
#2303=ORIENTED_EDGE('',*,*,#1759,.F.);
#2304=ORIENTED_EDGE('',*,*,#1760,.F.);
#2305=ORIENTED_EDGE('',*,*,#1761,.F.);
#2306=ORIENTED_EDGE('',*,*,#1762,.F.);
#2307=ORIENTED_EDGE('',*,*,#1763,.F.);
#2308=ORIENTED_EDGE('',*,*,#1764,.F.);
#2309=ORIENTED_EDGE('',*,*,#1765,.F.);
#2310=ORIENTED_EDGE('',*,*,#1766,.F.);
#2311=ORIENTED_EDGE('',*,*,#1767,.F.);
#2312=ORIENTED_EDGE('',*,*,#1768,.F.);
#2313=ORIENTED_EDGE('',*,*,#1769,.F.);
#2314=ORIENTED_EDGE('',*,*,#1770,.F.);
#2315=ORIENTED_EDGE('',*,*,#1771,.F.);
#2316=ORIENTED_EDGE('',*,*,#1772,.F.);
#2317=ORIENTED_EDGE('',*,*,#1773,.F.);
#2318=ORIENTED_EDGE('',*,*,#1774,.F.);
#2319=ORIENTED_EDGE('',*,*,#1775,.F.);
#2320=ORIENTED_EDGE('',*,*,#1776,.F.);
#2321=ORIENTED_EDGE('',*,*,#1777,.F.);
#2322=ORIENTED_EDGE('',*,*,#1778,.F.);
#2323=ORIENTED_EDGE('',*,*,#1779,.F.);
#2324=ORIENTED_EDGE('',*,*,#1780,.F.);
#2325=ORIENTED_EDGE('',*,*,#1781,.F.);
#2326=ORIENTED_EDGE('',*,*,#1782,.F.);
#2327=ORIENTED_EDGE('',*,*,#1783,.F.);
#2328=ORIENTED_EDGE('',*,*,#1784,.F.);
#2329=ORIENTED_EDGE('',*,*,#1785,.F.);
#2330=ORIENTED_EDGE('',*,*,#1786,.F.);
#2331=ORIENTED_EDGE('',*,*,#1787,.F.);
#2332=ORIENTED_EDGE('',*,*,#1788,.F.);
#2333=ORIENTED_EDGE('',*,*,#1789,.F.);
#2334=ORIENTED_EDGE('',*,*,#1790,.F.);
#2335=ORIENTED_EDGE('',*,*,#1791,.F.);
#2336=ORIENTED_EDGE('',*,*,#1792,.F.);
#2337=ORIENTED_EDGE('',*,*,#1793,.F.);
#2338=ORIENTED_EDGE('',*,*,#1794,.F.);
#2339=ORIENTED_EDGE('',*,*,#1795,.F.);
#2340=ORIENTED_EDGE('',*,*,#1796,.F.);
#2341=ORIENTED_EDGE('',*,*,#1797,.F.);
#2342=ORIENTED_EDGE('',*,*,#1798,.F.);
#2343=ORIENTED_EDGE('',*,*,#1799,.F.);
#2344=ORIENTED_EDGE('',*,*,#1800,.F.);
#2345=ORIENTED_EDGE('',*,*,#1801,.F.);
#2346=ORIENTED_EDGE('',*,*,#1802,.F.);
#2347=ORIENTED_EDGE('',*,*,#1732,.T.);
#2348=ORIENTED_EDGE('',*,*,#1803,.T.);
#2349=ORIENTED_EDGE('',*,*,#1644,.F.);
#2350=ORIENTED_EDGE('',*,*,#1804,.F.);
#2351=ORIENTED_EDGE('',*,*,#1733,.T.);
#2352=ORIENTED_EDGE('',*,*,#1804,.T.);
#2353=ORIENTED_EDGE('',*,*,#1643,.F.);
#2354=ORIENTED_EDGE('',*,*,#1805,.F.);
#2355=ORIENTED_EDGE('',*,*,#1734,.T.);
#2356=ORIENTED_EDGE('',*,*,#1805,.T.);
#2357=ORIENTED_EDGE('',*,*,#1642,.F.);
#2358=ORIENTED_EDGE('',*,*,#1806,.F.);
#2359=ORIENTED_EDGE('',*,*,#1735,.T.);
#2360=ORIENTED_EDGE('',*,*,#1806,.T.);
#2361=ORIENTED_EDGE('',*,*,#1641,.F.);
#2362=ORIENTED_EDGE('',*,*,#1807,.F.);
#2363=ORIENTED_EDGE('',*,*,#1736,.T.);
#2364=ORIENTED_EDGE('',*,*,#1807,.T.);
#2365=ORIENTED_EDGE('',*,*,#1640,.F.);
#2366=ORIENTED_EDGE('',*,*,#1808,.F.);
#2367=ORIENTED_EDGE('',*,*,#1737,.T.);
#2368=ORIENTED_EDGE('',*,*,#1808,.T.);
#2369=ORIENTED_EDGE('',*,*,#1639,.F.);
#2370=ORIENTED_EDGE('',*,*,#1809,.F.);
#2371=ORIENTED_EDGE('',*,*,#1738,.T.);
#2372=ORIENTED_EDGE('',*,*,#1809,.T.);
#2373=ORIENTED_EDGE('',*,*,#1638,.F.);
#2374=ORIENTED_EDGE('',*,*,#1810,.F.);
#2375=ORIENTED_EDGE('',*,*,#1731,.T.);
#2376=ORIENTED_EDGE('',*,*,#1810,.T.);
#2377=ORIENTED_EDGE('',*,*,#1637,.F.);
#2378=ORIENTED_EDGE('',*,*,#1803,.F.);
#2379=ORIENTED_EDGE('',*,*,#1740,.T.);
#2380=ORIENTED_EDGE('',*,*,#1811,.T.);
#2381=ORIENTED_EDGE('',*,*,#1652,.F.);
#2382=ORIENTED_EDGE('',*,*,#1812,.F.);
#2383=ORIENTED_EDGE('',*,*,#1741,.T.);
#2384=ORIENTED_EDGE('',*,*,#1812,.T.);
#2385=ORIENTED_EDGE('',*,*,#1651,.F.);
#2386=ORIENTED_EDGE('',*,*,#1813,.F.);
#2387=ORIENTED_EDGE('',*,*,#1742,.T.);
#2388=ORIENTED_EDGE('',*,*,#1813,.T.);
#2389=ORIENTED_EDGE('',*,*,#1650,.F.);
#2390=ORIENTED_EDGE('',*,*,#1814,.F.);
#2391=ORIENTED_EDGE('',*,*,#1743,.T.);
#2392=ORIENTED_EDGE('',*,*,#1814,.T.);
#2393=ORIENTED_EDGE('',*,*,#1649,.F.);
#2394=ORIENTED_EDGE('',*,*,#1815,.F.);
#2395=ORIENTED_EDGE('',*,*,#1744,.T.);
#2396=ORIENTED_EDGE('',*,*,#1815,.T.);
#2397=ORIENTED_EDGE('',*,*,#1648,.F.);
#2398=ORIENTED_EDGE('',*,*,#1816,.F.);
#2399=ORIENTED_EDGE('',*,*,#1745,.T.);
#2400=ORIENTED_EDGE('',*,*,#1816,.T.);
#2401=ORIENTED_EDGE('',*,*,#1647,.F.);
#2402=ORIENTED_EDGE('',*,*,#1817,.F.);
#2403=ORIENTED_EDGE('',*,*,#1746,.T.);
#2404=ORIENTED_EDGE('',*,*,#1817,.T.);
#2405=ORIENTED_EDGE('',*,*,#1646,.F.);
#2406=ORIENTED_EDGE('',*,*,#1818,.F.);
#2407=ORIENTED_EDGE('',*,*,#1739,.T.);
#2408=ORIENTED_EDGE('',*,*,#1818,.T.);
#2409=ORIENTED_EDGE('',*,*,#1645,.F.);
#2410=ORIENTED_EDGE('',*,*,#1811,.F.);
#2411=ORIENTED_EDGE('',*,*,#1748,.T.);
#2412=ORIENTED_EDGE('',*,*,#1819,.T.);
#2413=ORIENTED_EDGE('',*,*,#1660,.F.);
#2414=ORIENTED_EDGE('',*,*,#1820,.F.);
#2415=ORIENTED_EDGE('',*,*,#1749,.T.);
#2416=ORIENTED_EDGE('',*,*,#1820,.T.);
#2417=ORIENTED_EDGE('',*,*,#1659,.F.);
#2418=ORIENTED_EDGE('',*,*,#1821,.F.);
#2419=ORIENTED_EDGE('',*,*,#1750,.T.);
#2420=ORIENTED_EDGE('',*,*,#1821,.T.);
#2421=ORIENTED_EDGE('',*,*,#1658,.F.);
#2422=ORIENTED_EDGE('',*,*,#1822,.F.);
#2423=ORIENTED_EDGE('',*,*,#1751,.T.);
#2424=ORIENTED_EDGE('',*,*,#1822,.T.);
#2425=ORIENTED_EDGE('',*,*,#1657,.F.);
#2426=ORIENTED_EDGE('',*,*,#1823,.F.);
#2427=ORIENTED_EDGE('',*,*,#1752,.T.);
#2428=ORIENTED_EDGE('',*,*,#1823,.T.);
#2429=ORIENTED_EDGE('',*,*,#1656,.F.);
#2430=ORIENTED_EDGE('',*,*,#1824,.F.);
#2431=ORIENTED_EDGE('',*,*,#1753,.T.);
#2432=ORIENTED_EDGE('',*,*,#1824,.T.);
#2433=ORIENTED_EDGE('',*,*,#1655,.F.);
#2434=ORIENTED_EDGE('',*,*,#1825,.F.);
#2435=ORIENTED_EDGE('',*,*,#1754,.T.);
#2436=ORIENTED_EDGE('',*,*,#1825,.T.);
#2437=ORIENTED_EDGE('',*,*,#1654,.F.);
#2438=ORIENTED_EDGE('',*,*,#1826,.F.);
#2439=ORIENTED_EDGE('',*,*,#1747,.T.);
#2440=ORIENTED_EDGE('',*,*,#1826,.T.);
#2441=ORIENTED_EDGE('',*,*,#1653,.F.);
#2442=ORIENTED_EDGE('',*,*,#1819,.F.);
#2443=ORIENTED_EDGE('',*,*,#1756,.T.);
#2444=ORIENTED_EDGE('',*,*,#1827,.T.);
#2445=ORIENTED_EDGE('',*,*,#1668,.F.);
#2446=ORIENTED_EDGE('',*,*,#1828,.F.);
#2447=ORIENTED_EDGE('',*,*,#1757,.T.);
#2448=ORIENTED_EDGE('',*,*,#1828,.T.);
#2449=ORIENTED_EDGE('',*,*,#1667,.F.);
#2450=ORIENTED_EDGE('',*,*,#1829,.F.);
#2451=ORIENTED_EDGE('',*,*,#1758,.T.);
#2452=ORIENTED_EDGE('',*,*,#1829,.T.);
#2453=ORIENTED_EDGE('',*,*,#1666,.F.);
#2454=ORIENTED_EDGE('',*,*,#1830,.F.);
#2455=ORIENTED_EDGE('',*,*,#1759,.T.);
#2456=ORIENTED_EDGE('',*,*,#1830,.T.);
#2457=ORIENTED_EDGE('',*,*,#1665,.F.);
#2458=ORIENTED_EDGE('',*,*,#1831,.F.);
#2459=ORIENTED_EDGE('',*,*,#1760,.T.);
#2460=ORIENTED_EDGE('',*,*,#1831,.T.);
#2461=ORIENTED_EDGE('',*,*,#1664,.F.);
#2462=ORIENTED_EDGE('',*,*,#1832,.F.);
#2463=ORIENTED_EDGE('',*,*,#1761,.T.);
#2464=ORIENTED_EDGE('',*,*,#1832,.T.);
#2465=ORIENTED_EDGE('',*,*,#1663,.F.);
#2466=ORIENTED_EDGE('',*,*,#1833,.F.);
#2467=ORIENTED_EDGE('',*,*,#1762,.T.);
#2468=ORIENTED_EDGE('',*,*,#1833,.T.);
#2469=ORIENTED_EDGE('',*,*,#1662,.F.);
#2470=ORIENTED_EDGE('',*,*,#1834,.F.);
#2471=ORIENTED_EDGE('',*,*,#1755,.T.);
#2472=ORIENTED_EDGE('',*,*,#1834,.T.);
#2473=ORIENTED_EDGE('',*,*,#1661,.F.);
#2474=ORIENTED_EDGE('',*,*,#1827,.F.);
#2475=ORIENTED_EDGE('',*,*,#1764,.T.);
#2476=ORIENTED_EDGE('',*,*,#1835,.T.);
#2477=ORIENTED_EDGE('',*,*,#1676,.F.);
#2478=ORIENTED_EDGE('',*,*,#1836,.F.);
#2479=ORIENTED_EDGE('',*,*,#1765,.T.);
#2480=ORIENTED_EDGE('',*,*,#1836,.T.);
#2481=ORIENTED_EDGE('',*,*,#1675,.F.);
#2482=ORIENTED_EDGE('',*,*,#1837,.F.);
#2483=ORIENTED_EDGE('',*,*,#1766,.T.);
#2484=ORIENTED_EDGE('',*,*,#1837,.T.);
#2485=ORIENTED_EDGE('',*,*,#1674,.F.);
#2486=ORIENTED_EDGE('',*,*,#1838,.F.);
#2487=ORIENTED_EDGE('',*,*,#1767,.T.);
#2488=ORIENTED_EDGE('',*,*,#1838,.T.);
#2489=ORIENTED_EDGE('',*,*,#1673,.F.);
#2490=ORIENTED_EDGE('',*,*,#1839,.F.);
#2491=ORIENTED_EDGE('',*,*,#1768,.T.);
#2492=ORIENTED_EDGE('',*,*,#1839,.T.);
#2493=ORIENTED_EDGE('',*,*,#1672,.F.);
#2494=ORIENTED_EDGE('',*,*,#1840,.F.);
#2495=ORIENTED_EDGE('',*,*,#1769,.T.);
#2496=ORIENTED_EDGE('',*,*,#1840,.T.);
#2497=ORIENTED_EDGE('',*,*,#1671,.F.);
#2498=ORIENTED_EDGE('',*,*,#1841,.F.);
#2499=ORIENTED_EDGE('',*,*,#1770,.T.);
#2500=ORIENTED_EDGE('',*,*,#1841,.T.);
#2501=ORIENTED_EDGE('',*,*,#1670,.F.);
#2502=ORIENTED_EDGE('',*,*,#1842,.F.);
#2503=ORIENTED_EDGE('',*,*,#1763,.T.);
#2504=ORIENTED_EDGE('',*,*,#1842,.T.);
#2505=ORIENTED_EDGE('',*,*,#1669,.F.);
#2506=ORIENTED_EDGE('',*,*,#1835,.F.);
#2507=ORIENTED_EDGE('',*,*,#1772,.T.);
#2508=ORIENTED_EDGE('',*,*,#1843,.T.);
#2509=ORIENTED_EDGE('',*,*,#1684,.F.);
#2510=ORIENTED_EDGE('',*,*,#1844,.F.);
#2511=ORIENTED_EDGE('',*,*,#1773,.T.);
#2512=ORIENTED_EDGE('',*,*,#1844,.T.);
#2513=ORIENTED_EDGE('',*,*,#1683,.F.);
#2514=ORIENTED_EDGE('',*,*,#1845,.F.);
#2515=ORIENTED_EDGE('',*,*,#1774,.T.);
#2516=ORIENTED_EDGE('',*,*,#1845,.T.);
#2517=ORIENTED_EDGE('',*,*,#1682,.F.);
#2518=ORIENTED_EDGE('',*,*,#1846,.F.);
#2519=ORIENTED_EDGE('',*,*,#1775,.T.);
#2520=ORIENTED_EDGE('',*,*,#1846,.T.);
#2521=ORIENTED_EDGE('',*,*,#1681,.F.);
#2522=ORIENTED_EDGE('',*,*,#1847,.F.);
#2523=ORIENTED_EDGE('',*,*,#1776,.T.);
#2524=ORIENTED_EDGE('',*,*,#1847,.T.);
#2525=ORIENTED_EDGE('',*,*,#1680,.F.);
#2526=ORIENTED_EDGE('',*,*,#1848,.F.);
#2527=ORIENTED_EDGE('',*,*,#1777,.T.);
#2528=ORIENTED_EDGE('',*,*,#1848,.T.);
#2529=ORIENTED_EDGE('',*,*,#1679,.F.);
#2530=ORIENTED_EDGE('',*,*,#1849,.F.);
#2531=ORIENTED_EDGE('',*,*,#1778,.T.);
#2532=ORIENTED_EDGE('',*,*,#1849,.T.);
#2533=ORIENTED_EDGE('',*,*,#1678,.F.);
#2534=ORIENTED_EDGE('',*,*,#1850,.F.);
#2535=ORIENTED_EDGE('',*,*,#1771,.T.);
#2536=ORIENTED_EDGE('',*,*,#1850,.T.);
#2537=ORIENTED_EDGE('',*,*,#1677,.F.);
#2538=ORIENTED_EDGE('',*,*,#1843,.F.);
#2539=ORIENTED_EDGE('',*,*,#1780,.T.);
#2540=ORIENTED_EDGE('',*,*,#1851,.T.);
#2541=ORIENTED_EDGE('',*,*,#1692,.F.);
#2542=ORIENTED_EDGE('',*,*,#1852,.F.);
#2543=ORIENTED_EDGE('',*,*,#1781,.T.);
#2544=ORIENTED_EDGE('',*,*,#1852,.T.);
#2545=ORIENTED_EDGE('',*,*,#1691,.F.);
#2546=ORIENTED_EDGE('',*,*,#1853,.F.);
#2547=ORIENTED_EDGE('',*,*,#1782,.T.);
#2548=ORIENTED_EDGE('',*,*,#1853,.T.);
#2549=ORIENTED_EDGE('',*,*,#1690,.F.);
#2550=ORIENTED_EDGE('',*,*,#1854,.F.);
#2551=ORIENTED_EDGE('',*,*,#1783,.T.);
#2552=ORIENTED_EDGE('',*,*,#1854,.T.);
#2553=ORIENTED_EDGE('',*,*,#1689,.F.);
#2554=ORIENTED_EDGE('',*,*,#1855,.F.);
#2555=ORIENTED_EDGE('',*,*,#1784,.T.);
#2556=ORIENTED_EDGE('',*,*,#1855,.T.);
#2557=ORIENTED_EDGE('',*,*,#1688,.F.);
#2558=ORIENTED_EDGE('',*,*,#1856,.F.);
#2559=ORIENTED_EDGE('',*,*,#1785,.T.);
#2560=ORIENTED_EDGE('',*,*,#1856,.T.);
#2561=ORIENTED_EDGE('',*,*,#1687,.F.);
#2562=ORIENTED_EDGE('',*,*,#1857,.F.);
#2563=ORIENTED_EDGE('',*,*,#1786,.T.);
#2564=ORIENTED_EDGE('',*,*,#1857,.T.);
#2565=ORIENTED_EDGE('',*,*,#1686,.F.);
#2566=ORIENTED_EDGE('',*,*,#1858,.F.);
#2567=ORIENTED_EDGE('',*,*,#1779,.T.);
#2568=ORIENTED_EDGE('',*,*,#1858,.T.);
#2569=ORIENTED_EDGE('',*,*,#1685,.F.);
#2570=ORIENTED_EDGE('',*,*,#1851,.F.);
#2571=ORIENTED_EDGE('',*,*,#1724,.T.);
#2572=ORIENTED_EDGE('',*,*,#1621,.T.);
#2573=ORIENTED_EDGE('',*,*,#1709,.F.);
#2574=ORIENTED_EDGE('',*,*,#1615,.F.);
#2575=ORIENTED_EDGE('',*,*,#1788,.T.);
#2576=ORIENTED_EDGE('',*,*,#1859,.T.);
#2577=ORIENTED_EDGE('',*,*,#1700,.F.);
#2578=ORIENTED_EDGE('',*,*,#1860,.F.);
#2579=ORIENTED_EDGE('',*,*,#1789,.T.);
#2580=ORIENTED_EDGE('',*,*,#1860,.T.);
#2581=ORIENTED_EDGE('',*,*,#1699,.F.);
#2582=ORIENTED_EDGE('',*,*,#1861,.F.);
#2583=ORIENTED_EDGE('',*,*,#1790,.T.);
#2584=ORIENTED_EDGE('',*,*,#1861,.T.);
#2585=ORIENTED_EDGE('',*,*,#1698,.F.);
#2586=ORIENTED_EDGE('',*,*,#1862,.F.);
#2587=ORIENTED_EDGE('',*,*,#1791,.T.);
#2588=ORIENTED_EDGE('',*,*,#1862,.T.);
#2589=ORIENTED_EDGE('',*,*,#1697,.F.);
#2590=ORIENTED_EDGE('',*,*,#1863,.F.);
#2591=ORIENTED_EDGE('',*,*,#1792,.T.);
#2592=ORIENTED_EDGE('',*,*,#1863,.T.);
#2593=ORIENTED_EDGE('',*,*,#1696,.F.);
#2594=ORIENTED_EDGE('',*,*,#1864,.F.);
#2595=ORIENTED_EDGE('',*,*,#1793,.T.);
#2596=ORIENTED_EDGE('',*,*,#1864,.T.);
#2597=ORIENTED_EDGE('',*,*,#1695,.F.);
#2598=ORIENTED_EDGE('',*,*,#1865,.F.);
#2599=ORIENTED_EDGE('',*,*,#1794,.T.);
#2600=ORIENTED_EDGE('',*,*,#1865,.T.);
#2601=ORIENTED_EDGE('',*,*,#1694,.F.);
#2602=ORIENTED_EDGE('',*,*,#1866,.F.);
#2603=ORIENTED_EDGE('',*,*,#1787,.T.);
#2604=ORIENTED_EDGE('',*,*,#1866,.T.);
#2605=ORIENTED_EDGE('',*,*,#1693,.F.);
#2606=ORIENTED_EDGE('',*,*,#1859,.F.);
#2607=ORIENTED_EDGE('',*,*,#1796,.T.);
#2608=ORIENTED_EDGE('',*,*,#1867,.T.);
#2609=ORIENTED_EDGE('',*,*,#1708,.F.);
#2610=ORIENTED_EDGE('',*,*,#1868,.F.);
#2611=ORIENTED_EDGE('',*,*,#1797,.T.);
#2612=ORIENTED_EDGE('',*,*,#1868,.T.);
#2613=ORIENTED_EDGE('',*,*,#1707,.F.);
#2614=ORIENTED_EDGE('',*,*,#1869,.F.);
#2615=ORIENTED_EDGE('',*,*,#1798,.T.);
#2616=ORIENTED_EDGE('',*,*,#1869,.T.);
#2617=ORIENTED_EDGE('',*,*,#1706,.F.);
#2618=ORIENTED_EDGE('',*,*,#1870,.F.);
#2619=ORIENTED_EDGE('',*,*,#1799,.T.);
#2620=ORIENTED_EDGE('',*,*,#1870,.T.);
#2621=ORIENTED_EDGE('',*,*,#1705,.F.);
#2622=ORIENTED_EDGE('',*,*,#1871,.F.);
#2623=ORIENTED_EDGE('',*,*,#1800,.T.);
#2624=ORIENTED_EDGE('',*,*,#1871,.T.);
#2625=ORIENTED_EDGE('',*,*,#1704,.F.);
#2626=ORIENTED_EDGE('',*,*,#1872,.F.);
#2627=ORIENTED_EDGE('',*,*,#1801,.T.);
#2628=ORIENTED_EDGE('',*,*,#1872,.T.);
#2629=ORIENTED_EDGE('',*,*,#1703,.F.);
#2630=ORIENTED_EDGE('',*,*,#1873,.F.);
#2631=ORIENTED_EDGE('',*,*,#1802,.T.);
#2632=ORIENTED_EDGE('',*,*,#1873,.T.);
#2633=ORIENTED_EDGE('',*,*,#1702,.F.);
#2634=ORIENTED_EDGE('',*,*,#1874,.F.);
#2635=ORIENTED_EDGE('',*,*,#1795,.T.);
#2636=ORIENTED_EDGE('',*,*,#1874,.T.);
#2637=ORIENTED_EDGE('',*,*,#1701,.F.);
#2638=ORIENTED_EDGE('',*,*,#1867,.F.);
#2639=ORIENTED_EDGE('',*,*,#1597,.F.);
#2640=ORIENTED_EDGE('',*,*,#1875,.F.);
#2641=ORIENTED_EDGE('',*,*,#1713,.F.);
#2642=ORIENTED_EDGE('',*,*,#1618,.T.);
#2643=ORIENTED_EDGE('',*,*,#1875,.T.);
#2644=ORIENTED_EDGE('',*,*,#1596,.F.);
#2645=ORIENTED_EDGE('',*,*,#1876,.F.);
#2646=ORIENTED_EDGE('',*,*,#1714,.F.);
#2647=ORIENTED_EDGE('',*,*,#1876,.T.);
#2648=ORIENTED_EDGE('',*,*,#1595,.F.);
#2649=ORIENTED_EDGE('',*,*,#1614,.T.);
#2650=ORIENTED_EDGE('',*,*,#1715,.F.);
#2651=ORIENTED_EDGE('',*,*,#1593,.F.);
#2652=ORIENTED_EDGE('',*,*,#1877,.F.);
#2653=ORIENTED_EDGE('',*,*,#1725,.F.);
#2654=ORIENTED_EDGE('',*,*,#1610,.T.);
#2655=ORIENTED_EDGE('',*,*,#1877,.T.);
#2656=ORIENTED_EDGE('',*,*,#1592,.F.);
#2657=ORIENTED_EDGE('',*,*,#1878,.F.);
#2658=ORIENTED_EDGE('',*,*,#1726,.F.);
#2659=ORIENTED_EDGE('',*,*,#1878,.T.);
#2660=ORIENTED_EDGE('',*,*,#1591,.F.);
#2661=ORIENTED_EDGE('',*,*,#1582,.T.);
#2662=ORIENTED_EDGE('',*,*,#1727,.F.);
#2663=ORIENTED_EDGE('',*,*,#1605,.F.);
#2664=ORIENTED_EDGE('',*,*,#1879,.F.);
#2665=ORIENTED_EDGE('',*,*,#1728,.F.);
#2666=ORIENTED_EDGE('',*,*,#1580,.T.);
#2667=ORIENTED_EDGE('',*,*,#1879,.T.);
#2668=ORIENTED_EDGE('',*,*,#1604,.F.);
#2669=ORIENTED_EDGE('',*,*,#1880,.F.);
#2670=ORIENTED_EDGE('',*,*,#1729,.F.);
#2671=ORIENTED_EDGE('',*,*,#1880,.T.);
#2672=ORIENTED_EDGE('',*,*,#1603,.F.);
#2673=ORIENTED_EDGE('',*,*,#1628,.T.);
#2674=ORIENTED_EDGE('',*,*,#1730,.F.);
#2675=ORIENTED_EDGE('',*,*,#1601,.F.);
#2676=ORIENTED_EDGE('',*,*,#1881,.F.);
#2677=ORIENTED_EDGE('',*,*,#1710,.F.);
#2678=ORIENTED_EDGE('',*,*,#1625,.T.);
#2679=ORIENTED_EDGE('',*,*,#1881,.T.);
#2680=ORIENTED_EDGE('',*,*,#1600,.F.);
#2681=ORIENTED_EDGE('',*,*,#1882,.F.);
#2682=ORIENTED_EDGE('',*,*,#1711,.F.);
#2683=ORIENTED_EDGE('',*,*,#1882,.T.);
#2684=ORIENTED_EDGE('',*,*,#1599,.F.);
#2685=ORIENTED_EDGE('',*,*,#1620,.T.);
#2686=ORIENTED_EDGE('',*,*,#1712,.F.);
#2687=ORIENTED_EDGE('',*,*,#1883,.F.);
#2688=ORIENTED_EDGE('',*,*,#1590,.F.);
#2689=ORIENTED_EDGE('',*,*,#1884,.F.);
#2690=ORIENTED_EDGE('',*,*,#1636,.F.);
#2691=ORIENTED_EDGE('',*,*,#1884,.T.);
#2692=ORIENTED_EDGE('',*,*,#1589,.F.);
#2693=ORIENTED_EDGE('',*,*,#1885,.F.);
#2694=ORIENTED_EDGE('',*,*,#1629,.F.);
#2695=ORIENTED_EDGE('',*,*,#1885,.T.);
#2696=ORIENTED_EDGE('',*,*,#1588,.F.);
#2697=ORIENTED_EDGE('',*,*,#1886,.F.);
#2698=ORIENTED_EDGE('',*,*,#1630,.F.);
#2699=ORIENTED_EDGE('',*,*,#1886,.T.);
#2700=ORIENTED_EDGE('',*,*,#1587,.F.);
#2701=ORIENTED_EDGE('',*,*,#1887,.F.);
#2702=ORIENTED_EDGE('',*,*,#1631,.F.);
#2703=ORIENTED_EDGE('',*,*,#1887,.T.);
#2704=ORIENTED_EDGE('',*,*,#1586,.F.);
#2705=ORIENTED_EDGE('',*,*,#1888,.F.);
#2706=ORIENTED_EDGE('',*,*,#1632,.F.);
#2707=ORIENTED_EDGE('',*,*,#1888,.T.);
#2708=ORIENTED_EDGE('',*,*,#1585,.F.);
#2709=ORIENTED_EDGE('',*,*,#1889,.F.);
#2710=ORIENTED_EDGE('',*,*,#1633,.F.);
#2711=ORIENTED_EDGE('',*,*,#1889,.T.);
#2712=ORIENTED_EDGE('',*,*,#1584,.F.);
#2713=ORIENTED_EDGE('',*,*,#1890,.F.);
#2714=ORIENTED_EDGE('',*,*,#1634,.F.);
#2715=ORIENTED_EDGE('',*,*,#1890,.T.);
#2716=ORIENTED_EDGE('',*,*,#1583,.F.);
#2717=ORIENTED_EDGE('',*,*,#1883,.T.);
#2718=ORIENTED_EDGE('',*,*,#1635,.F.);
#2719=ORIENTED_EDGE('',*,*,#1891,.F.);
#2720=ORIENTED_EDGE('',*,*,#1892,.T.);
#2721=ORIENTED_EDGE('',*,*,#1893,.F.);
#2722=ORIENTED_EDGE('',*,*,#1892,.F.);
#2723=ORIENTED_EDGE('',*,*,#1894,.F.);
#2724=ORIENTED_EDGE('',*,*,#1895,.T.);
#2725=ORIENTED_EDGE('',*,*,#1896,.F.);
#2726=ORIENTED_EDGE('',*,*,#1895,.F.);
#2727=ORIENTED_EDGE('',*,*,#1897,.F.);
#2728=ORIENTED_EDGE('',*,*,#1898,.T.);
#2729=ORIENTED_EDGE('',*,*,#1899,.F.);
#2730=ORIENTED_EDGE('',*,*,#1898,.F.);
#2731=ORIENTED_EDGE('',*,*,#1900,.F.);
#2732=ORIENTED_EDGE('',*,*,#1901,.T.);
#2733=ORIENTED_EDGE('',*,*,#1902,.F.);
#2734=ORIENTED_EDGE('',*,*,#1901,.F.);
#2735=ORIENTED_EDGE('',*,*,#1903,.F.);
#2736=ORIENTED_EDGE('',*,*,#1904,.T.);
#2737=ORIENTED_EDGE('',*,*,#1905,.F.);
#2738=ORIENTED_EDGE('',*,*,#1906,.F.);
#2739=ORIENTED_EDGE('',*,*,#1907,.F.);
#2740=ORIENTED_EDGE('',*,*,#1906,.T.);
#2741=ORIENTED_EDGE('',*,*,#1908,.F.);
#2742=ORIENTED_EDGE('',*,*,#1909,.F.);
#2743=ORIENTED_EDGE('',*,*,#1910,.F.);
#2744=ORIENTED_EDGE('',*,*,#1909,.T.);
#2745=ORIENTED_EDGE('',*,*,#1911,.F.);
#2746=ORIENTED_EDGE('',*,*,#1912,.F.);
#2747=ORIENTED_EDGE('',*,*,#1913,.F.);
#2748=ORIENTED_EDGE('',*,*,#1912,.T.);
#2749=ORIENTED_EDGE('',*,*,#1914,.F.);
#2750=ORIENTED_EDGE('',*,*,#1915,.F.);
#2751=ORIENTED_EDGE('',*,*,#1916,.F.);
#2752=ORIENTED_EDGE('',*,*,#1915,.T.);
#2753=ORIENTED_EDGE('',*,*,#1917,.F.);
#2754=ORIENTED_EDGE('',*,*,#1918,.F.);
#2755=ORIENTED_EDGE('',*,*,#1919,.F.);
#2756=ORIENTED_EDGE('',*,*,#1918,.T.);
#2757=ORIENTED_EDGE('',*,*,#1920,.F.);
#2758=ORIENTED_EDGE('',*,*,#1921,.F.);
#2759=ORIENTED_EDGE('',*,*,#1922,.F.);
#2760=ORIENTED_EDGE('',*,*,#1921,.T.);
#2761=ORIENTED_EDGE('',*,*,#1923,.F.);
#2762=ORIENTED_EDGE('',*,*,#1924,.F.);
#2763=ORIENTED_EDGE('',*,*,#1925,.F.);
#2764=ORIENTED_EDGE('',*,*,#1924,.T.);
#2765=ORIENTED_EDGE('',*,*,#1926,.F.);
#2766=ORIENTED_EDGE('',*,*,#1904,.F.);
#2767=ORIENTED_EDGE('',*,*,#1925,.T.);
#2768=ORIENTED_EDGE('',*,*,#1903,.T.);
#2769=ORIENTED_EDGE('',*,*,#1907,.T.);
#2770=ORIENTED_EDGE('',*,*,#1910,.T.);
#2771=ORIENTED_EDGE('',*,*,#1913,.T.);
#2772=ORIENTED_EDGE('',*,*,#1916,.T.);
#2773=ORIENTED_EDGE('',*,*,#1919,.T.);
#2774=ORIENTED_EDGE('',*,*,#1922,.T.);
#2775=ORIENTED_EDGE('',*,*,#1891,.T.);
#2776=ORIENTED_EDGE('',*,*,#1894,.T.);
#2777=ORIENTED_EDGE('',*,*,#1897,.T.);
#2778=ORIENTED_EDGE('',*,*,#1900,.T.);
#2779=ORIENTED_EDGE('',*,*,#1926,.T.);
#2780=ORIENTED_EDGE('',*,*,#1923,.T.);
#2781=ORIENTED_EDGE('',*,*,#1920,.T.);
#2782=ORIENTED_EDGE('',*,*,#1917,.T.);
#2783=ORIENTED_EDGE('',*,*,#1914,.T.);
#2784=ORIENTED_EDGE('',*,*,#1911,.T.);
#2785=ORIENTED_EDGE('',*,*,#1908,.T.);
#2786=ORIENTED_EDGE('',*,*,#1905,.T.);
#2787=ORIENTED_EDGE('',*,*,#1893,.T.);
#2788=ORIENTED_EDGE('',*,*,#1896,.T.);
#2789=ORIENTED_EDGE('',*,*,#1899,.T.);
#2790=ORIENTED_EDGE('',*,*,#1902,.T.);
#2791=PLANE('',#3049);
#2792=PLANE('',#3050);
#2793=PLANE('',#3051);
#2794=PLANE('',#3052);
#2795=PLANE('',#3061);
#2796=PLANE('',#3062);
#2797=PLANE('',#3063);
#2798=PLANE('',#3064);
#2799=PLANE('',#3065);
#2800=PLANE('',#3066);
#2801=PLANE('',#3067);
#2802=PLANE('',#3068);
#2803=PLANE('',#3069);
#2804=PLANE('',#3078);
#2805=PLANE('',#3081);
#2806=PLANE('',#3084);
#2807=PLANE('',#3087);
#2808=PLANE('',#3102);
#2809=PLANE('',#3103);
#2810=PLANE('',#3104);
#2811=PLANE('',#3105);
#2812=PLANE('',#3118);
#2813=PLANE('',#3119);
#2814=PLANE('',#3120);
#2815=PLANE('',#3121);
#2816=PLANE('',#3122);
#2817=PLANE('',#3123);
#2818=PLANE('',#3168);
#2819=PLANE('',#3171);
#2820=PLANE('',#3174);
#2821=PLANE('',#3177);
#2822=PLANE('',#3178);
#2823=PLANE('',#3217);
#2824=PLANE('',#3219);
#2825=PLANE('',#3221);
#2826=PLANE('',#3223);
#2827=PLANE('',#3225);
#2828=PLANE('',#3227);
#2829=PLANE('',#3229);
#2830=PLANE('',#3231);
#2831=PLANE('',#3233);
#2832=PLANE('',#3235);
#2833=PLANE('',#3237);
#2834=PLANE('',#3239);
#2835=PLANE('',#3241);
#2836=PLANE('',#3243);
#2837=PLANE('',#3245);
#2838=PLANE('',#3247);
#2839=PLANE('',#3249);
#2840=PLANE('',#3251);
#2841=PLANE('',#3253);
#2842=PLANE('',#3255);
#2843=PLANE('',#3257);
#2844=PLANE('',#3259);
#2845=PLANE('',#3261);
#2846=PLANE('',#3263);
#2847=PLANE('',#3265);
#2848=PLANE('',#3267);
#2849=PLANE('',#3269);
#2850=PLANE('',#3271);
#2851=PLANE('',#3273);
#2852=PLANE('',#3274);
#2853=PLANE('',#3276);
#2854=PLANE('',#3278);
#2855=PLANE('',#3280);
#2856=PLANE('',#3282);
#2857=PLANE('',#3284);
#2858=PLANE('',#3286);
#2859=PLANE('',#3288);
#2860=PLANE('',#3290);
#2861=PLANE('',#3292);
#2862=PLANE('',#3293);
#2863=PLANE('',#3295);
#2864=PLANE('',#3296);
#2865=PLANE('',#3298);
#2866=PLANE('',#3299);
#2867=PLANE('',#3301);
#2868=PLANE('',#3303);
#2869=PLANE('',#3305);
#2870=PLANE('',#3307);
#2871=PLANE('',#3309);
#2872=PLANE('',#3322);
#2873=PLANE('',#3326);
#2874=PLANE('',#3330);
#2875=PLANE('',#3334);
#2876=PLANE('',#3338);
#2877=PLANE('',#3339);
#2878=ADVANCED_FACE('',(#264),#2791,.F.);
#2879=ADVANCED_FACE('',(#265),#2792,.F.);
#2880=ADVANCED_FACE('',(#266),#2793,.F.);
#2881=ADVANCED_FACE('',(#267,#87),#2794,.T.);
#2882=ADVANCED_FACE('',(#268),#2795,.F.);
#2883=ADVANCED_FACE('',(#269),#2796,.F.);
#2884=ADVANCED_FACE('',(#270),#2797,.F.);
#2885=ADVANCED_FACE('',(#271),#2798,.F.);
#2886=ADVANCED_FACE('',(#272),#2799,.F.);
#2887=ADVANCED_FACE('',(#273),#2800,.F.);
#2888=ADVANCED_FACE('',(#274),#2801,.F.);
#2889=ADVANCED_FACE('',(#275),#2802,.F.);
#2890=ADVANCED_FACE('',(#276),#2803,.F.);
#2891=ADVANCED_FACE('',(#277),#19,.F.);
#2892=ADVANCED_FACE('',(#278),#20,.F.);
#2893=ADVANCED_FACE('',(#279),#21,.F.);
#2894=ADVANCED_FACE('',(#280),#22,.F.);
#2895=ADVANCED_FACE('',(#281),#2804,.T.);
#2896=ADVANCED_FACE('',(#282),#23,.T.);
#2897=ADVANCED_FACE('',(#283),#2805,.T.);
#2898=ADVANCED_FACE('',(#284),#24,.T.);
#2899=ADVANCED_FACE('',(#285),#2806,.T.);
#2900=ADVANCED_FACE('',(#286),#25,.T.);
#2901=ADVANCED_FACE('',(#287),#2807,.T.);
#2902=ADVANCED_FACE('',(#288),#26,.T.);
#2903=ADVANCED_FACE('',(#289),#27,.F.);
#2904=ADVANCED_FACE('',(#290),#28,.F.);
#2905=ADVANCED_FACE('',(#291),#29,.F.);
#2906=ADVANCED_FACE('',(#292),#30,.F.);
#2907=ADVANCED_FACE('',(#293,#88,#89,#90,#91),#2808,.T.);
#2908=ADVANCED_FACE('',(#294,#92,#93,#94,#95),#2809,.F.);
#2909=ADVANCED_FACE('',(#295),#2810,.F.);
#2910=ADVANCED_FACE('',(#296,#96,#97,#98,#99,#100),#2811,.F.);
#2911=ADVANCED_FACE('',(#297),#2812,.F.);
#2912=ADVANCED_FACE('',(#298),#2813,.F.);
#2913=ADVANCED_FACE('',(#299),#2814,.F.);
#2914=ADVANCED_FACE('',(#300),#2815,.F.);
#2915=ADVANCED_FACE('',(#301),#2816,.F.);
#2916=ADVANCED_FACE('',(#302,#101,#102,#103,#104,#105,#106,#107,#108,#109,
#110),#2817,.T.);
#2917=ADVANCED_FACE('',(#303),#31,.F.);
#2918=ADVANCED_FACE('',(#304),#2818,.F.);
#2919=ADVANCED_FACE('',(#305),#32,.F.);
#2920=ADVANCED_FACE('',(#306),#2819,.F.);
#2921=ADVANCED_FACE('',(#307),#33,.F.);
#2922=ADVANCED_FACE('',(#308),#2820,.F.);
#2923=ADVANCED_FACE('',(#309),#34,.F.);
#2924=ADVANCED_FACE('',(#310),#2821,.F.);
#2925=ADVANCED_FACE('',(#311,#111,#112,#113,#114,#115,#116,#117,#118,#119),
#2822,.F.);
#2926=ADVANCED_FACE('',(#312),#2823,.T.);
#2927=ADVANCED_FACE('',(#313),#35,.F.);
#2928=ADVANCED_FACE('',(#314),#2824,.T.);
#2929=ADVANCED_FACE('',(#315),#36,.F.);
#2930=ADVANCED_FACE('',(#316),#2825,.T.);
#2931=ADVANCED_FACE('',(#317),#37,.F.);
#2932=ADVANCED_FACE('',(#318),#2826,.T.);
#2933=ADVANCED_FACE('',(#319),#38,.F.);
#2934=ADVANCED_FACE('',(#320),#2827,.T.);
#2935=ADVANCED_FACE('',(#321),#39,.F.);
#2936=ADVANCED_FACE('',(#322),#2828,.T.);
#2937=ADVANCED_FACE('',(#323),#40,.F.);
#2938=ADVANCED_FACE('',(#324),#2829,.T.);
#2939=ADVANCED_FACE('',(#325),#41,.F.);
#2940=ADVANCED_FACE('',(#326),#2830,.T.);
#2941=ADVANCED_FACE('',(#327),#42,.F.);
#2942=ADVANCED_FACE('',(#328),#2831,.T.);
#2943=ADVANCED_FACE('',(#329),#43,.F.);
#2944=ADVANCED_FACE('',(#330),#2832,.T.);
#2945=ADVANCED_FACE('',(#331),#44,.F.);
#2946=ADVANCED_FACE('',(#332),#2833,.T.);
#2947=ADVANCED_FACE('',(#333),#45,.F.);
#2948=ADVANCED_FACE('',(#334),#2834,.T.);
#2949=ADVANCED_FACE('',(#335),#46,.F.);
#2950=ADVANCED_FACE('',(#336),#2835,.T.);
#2951=ADVANCED_FACE('',(#337),#47,.F.);
#2952=ADVANCED_FACE('',(#338),#2836,.T.);
#2953=ADVANCED_FACE('',(#339),#48,.F.);
#2954=ADVANCED_FACE('',(#340),#2837,.T.);
#2955=ADVANCED_FACE('',(#341),#49,.F.);
#2956=ADVANCED_FACE('',(#342),#2838,.T.);
#2957=ADVANCED_FACE('',(#343),#50,.F.);
#2958=ADVANCED_FACE('',(#344),#2839,.T.);
#2959=ADVANCED_FACE('',(#345),#51,.F.);
#2960=ADVANCED_FACE('',(#346),#2840,.T.);
#2961=ADVANCED_FACE('',(#347),#52,.F.);
#2962=ADVANCED_FACE('',(#348),#2841,.T.);
#2963=ADVANCED_FACE('',(#349),#53,.F.);
#2964=ADVANCED_FACE('',(#350),#2842,.T.);
#2965=ADVANCED_FACE('',(#351),#54,.F.);
#2966=ADVANCED_FACE('',(#352),#2843,.T.);
#2967=ADVANCED_FACE('',(#353),#55,.F.);
#2968=ADVANCED_FACE('',(#354),#2844,.T.);
#2969=ADVANCED_FACE('',(#355),#56,.F.);
#2970=ADVANCED_FACE('',(#356),#2845,.T.);
#2971=ADVANCED_FACE('',(#357),#57,.F.);
#2972=ADVANCED_FACE('',(#358),#2846,.T.);
#2973=ADVANCED_FACE('',(#359),#58,.F.);
#2974=ADVANCED_FACE('',(#360),#2847,.T.);
#2975=ADVANCED_FACE('',(#361),#59,.F.);
#2976=ADVANCED_FACE('',(#362),#2848,.T.);
#2977=ADVANCED_FACE('',(#363),#60,.F.);
#2978=ADVANCED_FACE('',(#364),#2849,.T.);
#2979=ADVANCED_FACE('',(#365),#61,.F.);
#2980=ADVANCED_FACE('',(#366),#2850,.T.);
#2981=ADVANCED_FACE('',(#367),#62,.F.);
#2982=ADVANCED_FACE('',(#368),#2851,.T.);
#2983=ADVANCED_FACE('',(#369),#2852,.T.);
#2984=ADVANCED_FACE('',(#370),#63,.F.);
#2985=ADVANCED_FACE('',(#371),#2853,.T.);
#2986=ADVANCED_FACE('',(#372),#64,.F.);
#2987=ADVANCED_FACE('',(#373),#2854,.T.);
#2988=ADVANCED_FACE('',(#374),#65,.F.);
#2989=ADVANCED_FACE('',(#375),#2855,.T.);
#2990=ADVANCED_FACE('',(#376),#66,.F.);
#2991=ADVANCED_FACE('',(#377),#2856,.T.);
#2992=ADVANCED_FACE('',(#378),#67,.F.);
#2993=ADVANCED_FACE('',(#379),#2857,.T.);
#2994=ADVANCED_FACE('',(#380),#68,.F.);
#2995=ADVANCED_FACE('',(#381),#2858,.T.);
#2996=ADVANCED_FACE('',(#382),#69,.F.);
#2997=ADVANCED_FACE('',(#383),#2859,.T.);
#2998=ADVANCED_FACE('',(#384),#70,.F.);
#2999=ADVANCED_FACE('',(#385),#2860,.T.);
#3000=ADVANCED_FACE('',(#386),#71,.T.);
#3001=ADVANCED_FACE('',(#387),#2861,.T.);
#3002=ADVANCED_FACE('',(#388),#2862,.T.);
#3003=ADVANCED_FACE('',(#389),#72,.T.);
#3004=ADVANCED_FACE('',(#390),#2863,.T.);
#3005=ADVANCED_FACE('',(#391),#2864,.T.);
#3006=ADVANCED_FACE('',(#392),#73,.T.);
#3007=ADVANCED_FACE('',(#393),#2865,.T.);
#3008=ADVANCED_FACE('',(#394),#2866,.T.);
#3009=ADVANCED_FACE('',(#395),#74,.T.);
#3010=ADVANCED_FACE('',(#396),#2867,.T.);
#3011=ADVANCED_FACE('',(#397),#75,.T.);
#3012=ADVANCED_FACE('',(#398),#2868,.T.);
#3013=ADVANCED_FACE('',(#399),#76,.T.);
#3014=ADVANCED_FACE('',(#400),#2869,.T.);
#3015=ADVANCED_FACE('',(#401),#77,.T.);
#3016=ADVANCED_FACE('',(#402),#2870,.T.);
#3017=ADVANCED_FACE('',(#403),#78,.T.);
#3018=ADVANCED_FACE('',(#404),#2871,.T.);
#3019=ADVANCED_FACE('',(#405),#79,.F.);
#3020=ADVANCED_FACE('',(#406),#80,.F.);
#3021=ADVANCED_FACE('',(#407),#81,.F.);
#3022=ADVANCED_FACE('',(#408),#82,.F.);
#3023=ADVANCED_FACE('',(#409),#2872,.T.);
#3024=ADVANCED_FACE('',(#410),#83,.T.);
#3025=ADVANCED_FACE('',(#411),#2873,.T.);
#3026=ADVANCED_FACE('',(#412),#84,.T.);
#3027=ADVANCED_FACE('',(#413),#2874,.T.);
#3028=ADVANCED_FACE('',(#414),#85,.T.);
#3029=ADVANCED_FACE('',(#415),#2875,.T.);
#3030=ADVANCED_FACE('',(#416),#86,.T.);
#3031=ADVANCED_FACE('',(#417,#120,#121,#122,#123),#2876,.T.);
#3032=ADVANCED_FACE('',(#418,#124,#125,#126,#127),#2877,.F.);
#3033=CLOSED_SHELL('',(#2878,#2879,#2880,#2881,#2882,#2883,#2884,#2885,
#2886,#2887,#2888,#2889,#2890,#2891,#2892,#2893,#2894,#2895,#2896,#2897,
#2898,#2899,#2900,#2901,#2902,#2903,#2904,#2905,#2906,#2907,#2908));
#3034=CLOSED_SHELL('',(#2909,#2910,#2911,#2912,#2913,#2914,#2915,#2916,
#2917,#2918,#2919,#2920,#2921,#2922,#2923,#2924,#2925,#2926,#2927,#2928,
#2929,#2930,#2931,#2932,#2933,#2934,#2935,#2936,#2937,#2938,#2939,#2940,
#2941,#2942,#2943,#2944,#2945,#2946,#2947,#2948,#2949,#2950,#2951,#2952,
#2953,#2954,#2955,#2956,#2957,#2958,#2959,#2960,#2961,#2962,#2963,#2964,
#2965,#2966,#2967,#2968,#2969,#2970,#2971,#2972,#2973,#2974,#2975,#2976,
#2977,#2978,#2979,#2980,#2981,#2982,#2983,#2984,#2985,#2986,#2987,#2988,
#2989,#2990,#2991,#2992,#2993,#2994,#2995,#2996,#2997,#2998,#2999,#3000,
#3001,#3002,#3003,#3004,#3005,#3006,#3007,#3008,#3009,#3010,#3011,#3012,
#3013,#3014,#3015,#3016,#3017,#3018));
#3035=CLOSED_SHELL('',(#3019,#3020,#3021,#3022,#3023,#3024,#3025,#3026,
#3027,#3028,#3029,#3030,#3031,#3032));
#3036=DERIVED_UNIT_ELEMENT(#3038,1.);
#3037=DERIVED_UNIT_ELEMENT(#5101,-3.);
#3038=(
MASS_UNIT()
NAMED_UNIT(*)
SI_UNIT(.KILO.,.GRAM.)
);
#3039=DERIVED_UNIT((#3036,#3037));
#3040=MEASURE_REPRESENTATION_ITEM('density measure',
POSITIVE_RATIO_MEASURE(7850.),#3039);
#3041=PROPERTY_DEFINITION_REPRESENTATION(#3046,#3043);
#3042=PROPERTY_DEFINITION_REPRESENTATION(#3047,#3044);
#3043=REPRESENTATION('material name',(#3045),#5098);
#3044=REPRESENTATION('density',(#3040),#5098);
#3045=DESCRIPTIVE_REPRESENTATION_ITEM('Steel','Steel');
#3046=PROPERTY_DEFINITION('material property','material name',#5108);
#3047=PROPERTY_DEFINITION('material property','density of part',#5108);
#3048=AXIS2_PLACEMENT_3D('',#4220,#3340,#3341);
#3049=AXIS2_PLACEMENT_3D('',#4221,#3342,#3343);
#3050=AXIS2_PLACEMENT_3D('',#4230,#3348,#3349);
#3051=AXIS2_PLACEMENT_3D('',#4236,#3353,#3354);
#3052=AXIS2_PLACEMENT_3D('',#4242,#3358,#3359);
#3053=AXIS2_PLACEMENT_3D('',#4245,#3360,#3361);
#3054=AXIS2_PLACEMENT_3D('',#4249,#3363,#3364);
#3055=AXIS2_PLACEMENT_3D('',#4253,#3366,#3367);
#3056=AXIS2_PLACEMENT_3D('',#4257,#3369,#3370);
#3057=AXIS2_PLACEMENT_3D('',#4260,#3372,#3373);
#3058=AXIS2_PLACEMENT_3D('',#4268,#3377,#3378);
#3059=AXIS2_PLACEMENT_3D('',#4276,#3382,#3383);
#3060=AXIS2_PLACEMENT_3D('',#4283,#3387,#3388);
#3061=AXIS2_PLACEMENT_3D('',#4284,#3389,#3390);
#3062=AXIS2_PLACEMENT_3D('',#4290,#3394,#3395);
#3063=AXIS2_PLACEMENT_3D('',#4296,#3399,#3400);
#3064=AXIS2_PLACEMENT_3D('',#4298,#3402,#3403);
#3065=AXIS2_PLACEMENT_3D('',#4304,#3407,#3408);
#3066=AXIS2_PLACEMENT_3D('',#4310,#3412,#3413);
#3067=AXIS2_PLACEMENT_3D('',#4312,#3415,#3416);
#3068=AXIS2_PLACEMENT_3D('',#4318,#3420,#3421);
#3069=AXIS2_PLACEMENT_3D('',#4322,#3424,#3425);
#3070=AXIS2_PLACEMENT_3D('',#4326,#3428,#3429);
#3071=AXIS2_PLACEMENT_3D('',#4327,#3430,#3431);
#3072=AXIS2_PLACEMENT_3D('',#4328,#3432,#3433);
#3073=AXIS2_PLACEMENT_3D('',#4329,#3434,#3435);
#3074=AXIS2_PLACEMENT_3D('',#4330,#3436,#3437);
#3075=AXIS2_PLACEMENT_3D('',#4331,#3438,#3439);
#3076=AXIS2_PLACEMENT_3D('',#4332,#3440,#3441);
#3077=AXIS2_PLACEMENT_3D('',#4333,#3442,#3443);
#3078=AXIS2_PLACEMENT_3D('',#4334,#3444,#3445);
#3079=AXIS2_PLACEMENT_3D('',#4340,#3449,#3450);
#3080=AXIS2_PLACEMENT_3D('',#4342,#3451,#3452);
#3081=AXIS2_PLACEMENT_3D('',#4344,#3454,#3455);
#3082=AXIS2_PLACEMENT_3D('',#4348,#3458,#3459);
#3083=AXIS2_PLACEMENT_3D('',#4350,#3460,#3461);
#3084=AXIS2_PLACEMENT_3D('',#4352,#3463,#3464);
#3085=AXIS2_PLACEMENT_3D('',#4356,#3467,#3468);
#3086=AXIS2_PLACEMENT_3D('',#4358,#3469,#3470);
#3087=AXIS2_PLACEMENT_3D('',#4360,#3472,#3473);
#3088=AXIS2_PLACEMENT_3D('',#4364,#3476,#3477);
#3089=AXIS2_PLACEMENT_3D('',#4365,#3478,#3479);
#3090=AXIS2_PLACEMENT_3D('',#4366,#3480,#3481);
#3091=AXIS2_PLACEMENT_3D('',#4368,#3482,#3483);
#3092=AXIS2_PLACEMENT_3D('',#4371,#3485,#3486);
#3093=AXIS2_PLACEMENT_3D('',#4372,#3487,#3488);
#3094=AXIS2_PLACEMENT_3D('',#4374,#3489,#3490);
#3095=AXIS2_PLACEMENT_3D('',#4377,#3492,#3493);
#3096=AXIS2_PLACEMENT_3D('',#4378,#3494,#3495);
#3097=AXIS2_PLACEMENT_3D('',#4380,#3496,#3497);
#3098=AXIS2_PLACEMENT_3D('',#4383,#3499,#3500);
#3099=AXIS2_PLACEMENT_3D('',#4384,#3501,#3502);
#3100=AXIS2_PLACEMENT_3D('',#4386,#3503,#3504);
#3101=AXIS2_PLACEMENT_3D('',#4389,#3506,#3507);
#3102=AXIS2_PLACEMENT_3D('',#4390,#3508,#3509);
#3103=AXIS2_PLACEMENT_3D('',#4391,#3510,#3511);
#3104=AXIS2_PLACEMENT_3D('',#4392,#3512,#3513);
#3105=AXIS2_PLACEMENT_3D('',#4401,#3518,#3519);
#3106=AXIS2_PLACEMENT_3D('',#4406,#3521,#3522);
#3107=AXIS2_PLACEMENT_3D('',#4410,#3524,#3525);
#3108=AXIS2_PLACEMENT_3D('',#4414,#3527,#3528);
#3109=AXIS2_PLACEMENT_3D('',#4417,#3530,#3531);
#3110=AXIS2_PLACEMENT_3D('',#4421,#3533,#3534);
#3111=AXIS2_PLACEMENT_3D('',#4429,#3538,#3539);
#3112=AXIS2_PLACEMENT_3D('',#4437,#3543,#3544);
#3113=AXIS2_PLACEMENT_3D('',#4445,#3548,#3549);
#3114=AXIS2_PLACEMENT_3D('',#4448,#3551,#3552);
#3115=AXIS2_PLACEMENT_3D('',#4450,#3553,#3554);
#3116=AXIS2_PLACEMENT_3D('',#4452,#3555,#3556);
#3117=AXIS2_PLACEMENT_3D('',#4454,#3557,#3558);
#3118=AXIS2_PLACEMENT_3D('',#4455,#3559,#3560);
#3119=AXIS2_PLACEMENT_3D('',#4465,#3566,#3567);
#3120=AXIS2_PLACEMENT_3D('',#4471,#3571,#3572);
#3121=AXIS2_PLACEMENT_3D('',#4477,#3576,#3577);
#3122=AXIS2_PLACEMENT_3D('',#4486,#3582,#3583);
#3123=AXIS2_PLACEMENT_3D('',#4493,#3588,#3589);
#3124=AXIS2_PLACEMENT_3D('',#4498,#3591,#3592);
#3125=AXIS2_PLACEMENT_3D('',#4502,#3594,#3595);
#3126=AXIS2_PLACEMENT_3D('',#4506,#3597,#3598);
#3127=AXIS2_PLACEMENT_3D('',#4509,#3600,#3601);
#3128=AXIS2_PLACEMENT_3D('',#4512,#3602,#3603);
#3129=AXIS2_PLACEMENT_3D('',#4516,#3605,#3606);
#3130=AXIS2_PLACEMENT_3D('',#4520,#3608,#3609);
#3131=AXIS2_PLACEMENT_3D('',#4524,#3611,#3612);
#3132=AXIS2_PLACEMENT_3D('',#4528,#3614,#3615);
#3133=AXIS2_PLACEMENT_3D('',#4532,#3617,#3618);
#3134=AXIS2_PLACEMENT_3D('',#4536,#3620,#3621);
#3135=AXIS2_PLACEMENT_3D('',#4540,#3623,#3624);
#3136=AXIS2_PLACEMENT_3D('',#4544,#3626,#3627);
#3137=AXIS2_PLACEMENT_3D('',#4548,#3629,#3630);
#3138=AXIS2_PLACEMENT_3D('',#4552,#3632,#3633);
#3139=AXIS2_PLACEMENT_3D('',#4556,#3635,#3636);
#3140=AXIS2_PLACEMENT_3D('',#4560,#3638,#3639);
#3141=AXIS2_PLACEMENT_3D('',#4564,#3641,#3642);
#3142=AXIS2_PLACEMENT_3D('',#4568,#3644,#3645);
#3143=AXIS2_PLACEMENT_3D('',#4572,#3647,#3648);
#3144=AXIS2_PLACEMENT_3D('',#4576,#3650,#3651);
#3145=AXIS2_PLACEMENT_3D('',#4580,#3653,#3654);
#3146=AXIS2_PLACEMENT_3D('',#4584,#3656,#3657);
#3147=AXIS2_PLACEMENT_3D('',#4588,#3659,#3660);
#3148=AXIS2_PLACEMENT_3D('',#4592,#3662,#3663);
#3149=AXIS2_PLACEMENT_3D('',#4596,#3665,#3666);
#3150=AXIS2_PLACEMENT_3D('',#4600,#3668,#3669);
#3151=AXIS2_PLACEMENT_3D('',#4604,#3671,#3672);
#3152=AXIS2_PLACEMENT_3D('',#4608,#3674,#3675);
#3153=AXIS2_PLACEMENT_3D('',#4612,#3677,#3678);
#3154=AXIS2_PLACEMENT_3D('',#4616,#3680,#3681);
#3155=AXIS2_PLACEMENT_3D('',#4620,#3683,#3684);
#3156=AXIS2_PLACEMENT_3D('',#4624,#3686,#3687);
#3157=AXIS2_PLACEMENT_3D('',#4628,#3689,#3690);
#3158=AXIS2_PLACEMENT_3D('',#4632,#3692,#3693);
#3159=AXIS2_PLACEMENT_3D('',#4636,#3695,#3696);
#3160=AXIS2_PLACEMENT_3D('',#4640,#3698,#3699);
#3161=AXIS2_PLACEMENT_3D('',#4644,#3701,#3702);
#3162=AXIS2_PLACEMENT_3D('',#4648,#3704,#3705);
#3163=AXIS2_PLACEMENT_3D('',#4652,#3707,#3708);
#3164=AXIS2_PLACEMENT_3D('',#4658,#3712,#3713);
#3165=AXIS2_PLACEMENT_3D('',#4663,#3716,#3717);
#3166=AXIS2_PLACEMENT_3D('',#4665,#3719,#3720);
#3167=AXIS2_PLACEMENT_3D('',#4667,#3721,#3722);
#3168=AXIS2_PLACEMENT_3D('',#4669,#3724,#3725);
#3169=AXIS2_PLACEMENT_3D('',#4670,#3726,#3727);
#3170=AXIS2_PLACEMENT_3D('',#4672,#3728,#3729);
#3171=AXIS2_PLACEMENT_3D('',#4674,#3731,#3732);
#3172=AXIS2_PLACEMENT_3D('',#4675,#3733,#3734);
#3173=AXIS2_PLACEMENT_3D('',#4677,#3735,#3736);
#3174=AXIS2_PLACEMENT_3D('',#4679,#3738,#3739);
#3175=AXIS2_PLACEMENT_3D('',#4680,#3740,#3741);
#3176=AXIS2_PLACEMENT_3D('',#4682,#3742,#3743);
#3177=AXIS2_PLACEMENT_3D('',#4684,#3745,#3746);
#3178=AXIS2_PLACEMENT_3D('',#4685,#3747,#3748);
#3179=AXIS2_PLACEMENT_3D('',#4690,#3751,#3752);
#3180=AXIS2_PLACEMENT_3D('',#4695,#3755,#3756);
#3181=AXIS2_PLACEMENT_3D('',#4699,#3758,#3759);
#3182=AXIS2_PLACEMENT_3D('',#4703,#3761,#3762);
#3183=AXIS2_PLACEMENT_3D('',#4707,#3764,#3765);
#3184=AXIS2_PLACEMENT_3D('',#4711,#3767,#3768);
#3185=AXIS2_PLACEMENT_3D('',#4715,#3770,#3771);
#3186=AXIS2_PLACEMENT_3D('',#4719,#3773,#3774);
#3187=AXIS2_PLACEMENT_3D('',#4723,#3776,#3777);
#3188=AXIS2_PLACEMENT_3D('',#4727,#3779,#3780);
#3189=AXIS2_PLACEMENT_3D('',#4731,#3782,#3783);
#3190=AXIS2_PLACEMENT_3D('',#4735,#3785,#3786);
#3191=AXIS2_PLACEMENT_3D('',#4739,#3788,#3789);
#3192=AXIS2_PLACEMENT_3D('',#4743,#3791,#3792);
#3193=AXIS2_PLACEMENT_3D('',#4747,#3794,#3795);
#3194=AXIS2_PLACEMENT_3D('',#4751,#3797,#3798);
#3195=AXIS2_PLACEMENT_3D('',#4755,#3800,#3801);
#3196=AXIS2_PLACEMENT_3D('',#4759,#3803,#3804);
#3197=AXIS2_PLACEMENT_3D('',#4763,#3806,#3807);
#3198=AXIS2_PLACEMENT_3D('',#4767,#3809,#3810);
#3199=AXIS2_PLACEMENT_3D('',#4771,#3812,#3813);
#3200=AXIS2_PLACEMENT_3D('',#4775,#3815,#3816);
#3201=AXIS2_PLACEMENT_3D('',#4779,#3818,#3819);
#3202=AXIS2_PLACEMENT_3D('',#4783,#3821,#3822);
#3203=AXIS2_PLACEMENT_3D('',#4787,#3824,#3825);
#3204=AXIS2_PLACEMENT_3D('',#4791,#3827,#3828);
#3205=AXIS2_PLACEMENT_3D('',#4795,#3830,#3831);
#3206=AXIS2_PLACEMENT_3D('',#4799,#3833,#3834);
#3207=AXIS2_PLACEMENT_3D('',#4803,#3836,#3837);
#3208=AXIS2_PLACEMENT_3D('',#4807,#3839,#3840);
#3209=AXIS2_PLACEMENT_3D('',#4811,#3842,#3843);
#3210=AXIS2_PLACEMENT_3D('',#4815,#3845,#3846);
#3211=AXIS2_PLACEMENT_3D('',#4819,#3848,#3849);
#3212=AXIS2_PLACEMENT_3D('',#4823,#3851,#3852);
#3213=AXIS2_PLACEMENT_3D('',#4827,#3854,#3855);
#3214=AXIS2_PLACEMENT_3D('',#4831,#3857,#3858);
#3215=AXIS2_PLACEMENT_3D('',#4835,#3860,#3861);
#3216=AXIS2_PLACEMENT_3D('',#4839,#3863,#3864);
#3217=AXIS2_PLACEMENT_3D('',#4841,#3866,#3867);
#3218=AXIS2_PLACEMENT_3D('',#4844,#3870,#3871);
#3219=AXIS2_PLACEMENT_3D('',#4846,#3873,#3874);
#3220=AXIS2_PLACEMENT_3D('',#4848,#3876,#3877);
#3221=AXIS2_PLACEMENT_3D('',#4850,#3879,#3880);
#3222=AXIS2_PLACEMENT_3D('',#4852,#3882,#3883);
#3223=AXIS2_PLACEMENT_3D('',#4854,#3885,#3886);
#3224=AXIS2_PLACEMENT_3D('',#4856,#3888,#3889);
#3225=AXIS2_PLACEMENT_3D('',#4857,#3890,#3891);
#3226=AXIS2_PLACEMENT_3D('',#4860,#3894,#3895);
#3227=AXIS2_PLACEMENT_3D('',#4862,#3897,#3898);
#3228=AXIS2_PLACEMENT_3D('',#4864,#3900,#3901);
#3229=AXIS2_PLACEMENT_3D('',#4866,#3903,#3904);
#3230=AXIS2_PLACEMENT_3D('',#4868,#3906,#3907);
#3231=AXIS2_PLACEMENT_3D('',#4870,#3909,#3910);
#3232=AXIS2_PLACEMENT_3D('',#4872,#3912,#3913);
#3233=AXIS2_PLACEMENT_3D('',#4873,#3914,#3915);
#3234=AXIS2_PLACEMENT_3D('',#4876,#3918,#3919);
#3235=AXIS2_PLACEMENT_3D('',#4878,#3921,#3922);
#3236=AXIS2_PLACEMENT_3D('',#4880,#3924,#3925);
#3237=AXIS2_PLACEMENT_3D('',#4882,#3927,#3928);
#3238=AXIS2_PLACEMENT_3D('',#4884,#3930,#3931);
#3239=AXIS2_PLACEMENT_3D('',#4886,#3933,#3934);
#3240=AXIS2_PLACEMENT_3D('',#4888,#3936,#3937);
#3241=AXIS2_PLACEMENT_3D('',#4889,#3938,#3939);
#3242=AXIS2_PLACEMENT_3D('',#4892,#3942,#3943);
#3243=AXIS2_PLACEMENT_3D('',#4894,#3945,#3946);
#3244=AXIS2_PLACEMENT_3D('',#4896,#3948,#3949);
#3245=AXIS2_PLACEMENT_3D('',#4898,#3951,#3952);
#3246=AXIS2_PLACEMENT_3D('',#4900,#3954,#3955);
#3247=AXIS2_PLACEMENT_3D('',#4902,#3957,#3958);
#3248=AXIS2_PLACEMENT_3D('',#4904,#3960,#3961);
#3249=AXIS2_PLACEMENT_3D('',#4905,#3962,#3963);
#3250=AXIS2_PLACEMENT_3D('',#4908,#3966,#3967);
#3251=AXIS2_PLACEMENT_3D('',#4910,#3969,#3970);
#3252=AXIS2_PLACEMENT_3D('',#4912,#3972,#3973);
#3253=AXIS2_PLACEMENT_3D('',#4914,#3975,#3976);
#3254=AXIS2_PLACEMENT_3D('',#4916,#3978,#3979);
#3255=AXIS2_PLACEMENT_3D('',#4918,#3981,#3982);
#3256=AXIS2_PLACEMENT_3D('',#4920,#3984,#3985);
#3257=AXIS2_PLACEMENT_3D('',#4921,#3986,#3987);
#3258=AXIS2_PLACEMENT_3D('',#4924,#3990,#3991);
#3259=AXIS2_PLACEMENT_3D('',#4926,#3993,#3994);
#3260=AXIS2_PLACEMENT_3D('',#4928,#3996,#3997);
#3261=AXIS2_PLACEMENT_3D('',#4930,#3999,#4000);
#3262=AXIS2_PLACEMENT_3D('',#4932,#4002,#4003);
#3263=AXIS2_PLACEMENT_3D('',#4934,#4005,#4006);
#3264=AXIS2_PLACEMENT_3D('',#4936,#4008,#4009);
#3265=AXIS2_PLACEMENT_3D('',#4937,#4010,#4011);
#3266=AXIS2_PLACEMENT_3D('',#4940,#4014,#4015);
#3267=AXIS2_PLACEMENT_3D('',#4942,#4017,#4018);
#3268=AXIS2_PLACEMENT_3D('',#4944,#4020,#4021);
#3269=AXIS2_PLACEMENT_3D('',#4946,#4023,#4024);
#3270=AXIS2_PLACEMENT_3D('',#4948,#4026,#4027);
#3271=AXIS2_PLACEMENT_3D('',#4950,#4029,#4030);
#3272=AXIS2_PLACEMENT_3D('',#4952,#4032,#4033);
#3273=AXIS2_PLACEMENT_3D('',#4953,#4034,#4035);
#3274=AXIS2_PLACEMENT_3D('',#4954,#4036,#4037);
#3275=AXIS2_PLACEMENT_3D('',#4957,#4040,#4041);
#3276=AXIS2_PLACEMENT_3D('',#4959,#4043,#4044);
#3277=AXIS2_PLACEMENT_3D('',#4961,#4046,#4047);
#3278=AXIS2_PLACEMENT_3D('',#4963,#4049,#4050);
#3279=AXIS2_PLACEMENT_3D('',#4965,#4052,#4053);
#3280=AXIS2_PLACEMENT_3D('',#4967,#4055,#4056);
#3281=AXIS2_PLACEMENT_3D('',#4969,#4058,#4059);
#3282=AXIS2_PLACEMENT_3D('',#4970,#4060,#4061);
#3283=AXIS2_PLACEMENT_3D('',#4973,#4064,#4065);
#3284=AXIS2_PLACEMENT_3D('',#4975,#4067,#4068);
#3285=AXIS2_PLACEMENT_3D('',#4977,#4070,#4071);
#3286=AXIS2_PLACEMENT_3D('',#4979,#4073,#4074);
#3287=AXIS2_PLACEMENT_3D('',#4981,#4076,#4077);
#3288=AXIS2_PLACEMENT_3D('',#4983,#4079,#4080);
#3289=AXIS2_PLACEMENT_3D('',#4985,#4082,#4083);
#3290=AXIS2_PLACEMENT_3D('',#4986,#4084,#4085);
#3291=AXIS2_PLACEMENT_3D('',#4988,#4087,#4088);
#3292=AXIS2_PLACEMENT_3D('',#4990,#4090,#4091);
#3293=AXIS2_PLACEMENT_3D('',#4991,#4092,#4093);
#3294=AXIS2_PLACEMENT_3D('',#4993,#4095,#4096);
#3295=AXIS2_PLACEMENT_3D('',#4995,#4098,#4099);
#3296=AXIS2_PLACEMENT_3D('',#4996,#4100,#4101);
#3297=AXIS2_PLACEMENT_3D('',#4998,#4103,#4104);
#3298=AXIS2_PLACEMENT_3D('',#5000,#4106,#4107);
#3299=AXIS2_PLACEMENT_3D('',#5001,#4108,#4109);
#3300=AXIS2_PLACEMENT_3D('',#5003,#4111,#4112);
#3301=AXIS2_PLACEMENT_3D('',#5005,#4114,#4115);
#3302=AXIS2_PLACEMENT_3D('',#5006,#4116,#4117);
#3303=AXIS2_PLACEMENT_3D('',#5009,#4120,#4121);
#3304=AXIS2_PLACEMENT_3D('',#5011,#4123,#4124);
#3305=AXIS2_PLACEMENT_3D('',#5013,#4126,#4127);
#3306=AXIS2_PLACEMENT_3D('',#5015,#4129,#4130);
#3307=AXIS2_PLACEMENT_3D('',#5017,#4132,#4133);
#3308=AXIS2_PLACEMENT_3D('',#5019,#4135,#4136);
#3309=AXIS2_PLACEMENT_3D('',#5021,#4138,#4139);
#3310=AXIS2_PLACEMENT_3D('',#5022,#4140,#4141);
#3311=AXIS2_PLACEMENT_3D('',#5024,#4142,#4143);
#3312=AXIS2_PLACEMENT_3D('',#5027,#4145,#4146);
#3313=AXIS2_PLACEMENT_3D('',#5028,#4147,#4148);
#3314=AXIS2_PLACEMENT_3D('',#5030,#4149,#4150);
#3315=AXIS2_PLACEMENT_3D('',#5033,#4152,#4153);
#3316=AXIS2_PLACEMENT_3D('',#5034,#4154,#4155);
#3317=AXIS2_PLACEMENT_3D('',#5036,#4156,#4157);
#3318=AXIS2_PLACEMENT_3D('',#5039,#4159,#4160);
#3319=AXIS2_PLACEMENT_3D('',#5040,#4161,#4162);
#3320=AXIS2_PLACEMENT_3D('',#5042,#4163,#4164);
#3321=AXIS2_PLACEMENT_3D('',#5045,#4166,#4167);
#3322=AXIS2_PLACEMENT_3D('',#5046,#4168,#4169);
#3323=AXIS2_PLACEMENT_3D('',#5055,#4174,#4175);
#3324=AXIS2_PLACEMENT_3D('',#5057,#4176,#4177);
#3325=AXIS2_PLACEMENT_3D('',#5059,#4178,#4179);
#3326=AXIS2_PLACEMENT_3D('',#5061,#4181,#4182);
#3327=AXIS2_PLACEMENT_3D('',#5067,#4186,#4187);
#3328=AXIS2_PLACEMENT_3D('',#5069,#4188,#4189);
#3329=AXIS2_PLACEMENT_3D('',#5071,#4190,#4191);
#3330=AXIS2_PLACEMENT_3D('',#5073,#4193,#4194);
#3331=AXIS2_PLACEMENT_3D('',#5079,#4198,#4199);
#3332=AXIS2_PLACEMENT_3D('',#5081,#4200,#4201);
#3333=AXIS2_PLACEMENT_3D('',#5083,#4202,#4203);
#3334=AXIS2_PLACEMENT_3D('',#5085,#4205,#4206);
#3335=AXIS2_PLACEMENT_3D('',#5091,#4210,#4211);
#3336=AXIS2_PLACEMENT_3D('',#5092,#4212,#4213);
#3337=AXIS2_PLACEMENT_3D('',#5093,#4214,#4215);
#3338=AXIS2_PLACEMENT_3D('',#5094,#4216,#4217);
#3339=AXIS2_PLACEMENT_3D('',#5095,#4218,#4219);
#3340=DIRECTION('axis',(0.,0.,1.));
#3341=DIRECTION('refdir',(1.,0.,0.));
#3342=DIRECTION('center_axis',(1.,0.,0.));
#3343=DIRECTION('ref_axis',(0.,0.,-1.));
#3344=DIRECTION('',(0.,0.,1.));
#3345=DIRECTION('',(0.,1.,0.));
#3346=DIRECTION('',(8.07655196599186E-17,0.,-1.));
#3347=DIRECTION('',(0.,-1.,0.));
#3348=DIRECTION('center_axis',(0.,0.,1.));
#3349=DIRECTION('ref_axis',(0.,-1.,0.));
#3350=DIRECTION('',(0.,1.,0.));
#3351=DIRECTION('',(-1.,0.,0.));
#3352=DIRECTION('',(1.,0.,0.));
#3353=DIRECTION('center_axis',(0.,0.,-1.));
#3354=DIRECTION('ref_axis',(0.,1.,0.));
#3355=DIRECTION('',(0.,1.,0.));
#3356=DIRECTION('',(1.,0.,0.));
#3357=DIRECTION('',(1.,0.,0.));
#3358=DIRECTION('center_axis',(0.,1.,0.));
#3359=DIRECTION('ref_axis',(1.,0.,0.));
#3360=DIRECTION('center_axis',(0.,1.,0.));
#3361=DIRECTION('ref_axis',(-3.88578058618805E-16,0.,1.));
#3362=DIRECTION('',(8.07655196599186E-17,0.,-1.));
#3363=DIRECTION('center_axis',(0.,1.,0.));
#3364=DIRECTION('ref_axis',(1.,0.,-3.33066907387547E-16));
#3365=DIRECTION('',(-1.,0.,1.23382790405321E-17));
#3366=DIRECTION('center_axis',(0.,1.,0.));
#3367=DIRECTION('ref_axis',(-1.77635683940025E-15,0.,-1.));
#3368=DIRECTION('',(0.,0.,1.));
#3369=DIRECTION('center_axis',(0.,1.,0.));
#3370=DIRECTION('ref_axis',(-1.,0.,1.77635683940025E-15));
#3371=DIRECTION('',(1.,0.,-9.87062323242565E-17));
#3372=DIRECTION('center_axis',(0.,-1.,0.));
#3373=DIRECTION('ref_axis',(-7.77156117237611E-16,0.,1.));
#3374=DIRECTION('',(0.,0.,1.));
#3375=DIRECTION('',(-1.,0.,0.));
#3376=DIRECTION('',(0.,0.,-1.));
#3377=DIRECTION('center_axis',(0.,-1.,0.));
#3378=DIRECTION('ref_axis',(-1.,0.,3.55271367880049E-15));
#3379=DIRECTION('',(-1.,0.,0.));
#3380=DIRECTION('',(0.,0.,-1.));
#3381=DIRECTION('',(1.,0.,0.));
#3382=DIRECTION('center_axis',(0.,-1.,0.));
#3383=DIRECTION('ref_axis',(-3.55271367880049E-15,0.,-1.));
#3384=DIRECTION('',(0.,0.,-1.));
#3385=DIRECTION('',(1.,0.,0.));
#3386=DIRECTION('',(0.,0.,1.));
#3387=DIRECTION('center_axis',(0.,-1.,0.));
#3388=DIRECTION('ref_axis',(1.,0.,-7.7715611723761E-16));
#3389=DIRECTION('center_axis',(1.,0.,0.));
#3390=DIRECTION('ref_axis',(0.,-1.,0.));
#3391=DIRECTION('',(0.,1.,0.));
#3392=DIRECTION('',(0.,-1.,0.));
#3393=DIRECTION('',(0.,0.,-1.));
#3394=DIRECTION('center_axis',(-1.,0.,0.));
#3395=DIRECTION('ref_axis',(0.,1.,0.));
#3396=DIRECTION('',(0.,1.,0.));
#3397=DIRECTION('',(0.,0.,-1.));
#3398=DIRECTION('',(0.,1.,0.));
#3399=DIRECTION('center_axis',(0.,0.,-1.));
#3400=DIRECTION('ref_axis',(-1.,0.,0.));
#3401=DIRECTION('',(-1.,0.,0.));
#3402=DIRECTION('center_axis',(0.,0.,-1.));
#3403=DIRECTION('ref_axis',(0.,-1.,0.));
#3404=DIRECTION('',(0.,1.,0.));
#3405=DIRECTION('',(0.,-1.,0.));
#3406=DIRECTION('',(-1.,0.,0.));
#3407=DIRECTION('center_axis',(0.,0.,1.));
#3408=DIRECTION('ref_axis',(0.,1.,0.));
#3409=DIRECTION('',(0.,1.,0.));
#3410=DIRECTION('',(-1.,0.,0.));
#3411=DIRECTION('',(0.,1.,0.));
#3412=DIRECTION('center_axis',(-1.,0.,0.));
#3413=DIRECTION('ref_axis',(0.,0.,1.));
#3414=DIRECTION('',(0.,0.,1.));
#3415=DIRECTION('center_axis',(0.,0.,1.));
#3416=DIRECTION('ref_axis',(1.,0.,0.));
#3417=DIRECTION('',(0.,1.,0.));
#3418=DIRECTION('',(1.,0.,-9.87062323242565E-17));
#3419=DIRECTION('',(0.,-1.,0.));
#3420=DIRECTION('center_axis',(-1.,0.,0.));
#3421=DIRECTION('ref_axis',(0.,-1.,0.));
#3422=DIRECTION('',(0.,1.,0.));
#3423=DIRECTION('',(0.,0.,1.));
#3424=DIRECTION('center_axis',(1.,0.,0.));
#3425=DIRECTION('ref_axis',(0.,1.,0.));
#3426=DIRECTION('',(0.,1.,0.));
#3427=DIRECTION('',(0.,0.,1.));
#3428=DIRECTION('center_axis',(0.,1.,0.));
#3429=DIRECTION('ref_axis',(-7.77156117237611E-16,0.,1.));
#3430=DIRECTION('center_axis',(0.,1.,0.));
#3431=DIRECTION('ref_axis',(-7.77156117237611E-16,0.,1.));
#3432=DIRECTION('center_axis',(0.,1.,0.));
#3433=DIRECTION('ref_axis',(-1.,0.,3.55271367880049E-15));
#3434=DIRECTION('center_axis',(0.,1.,0.));
#3435=DIRECTION('ref_axis',(-1.,0.,3.55271367880049E-15));
#3436=DIRECTION('center_axis',(0.,1.,0.));
#3437=DIRECTION('ref_axis',(1.,0.,-7.7715611723761E-16));
#3438=DIRECTION('center_axis',(0.,1.,0.));
#3439=DIRECTION('ref_axis',(1.,0.,-7.7715611723761E-16));
#3440=DIRECTION('center_axis',(0.,1.,0.));
#3441=DIRECTION('ref_axis',(-3.55271367880049E-15,0.,-1.));
#3442=DIRECTION('center_axis',(0.,1.,0.));
#3443=DIRECTION('ref_axis',(-3.55271367880049E-15,0.,-1.));
#3444=DIRECTION('center_axis',(9.87062323242565E-17,0.,1.));
#3445=DIRECTION('ref_axis',(1.,0.,-9.87062323242565E-17));
#3446=DIRECTION('',(1.,0.,-9.87062323242565E-17));
#3447=DIRECTION('',(0.,1.,0.));
#3448=DIRECTION('',(0.,1.,0.));
#3449=DIRECTION('center_axis',(0.,1.,0.));
#3450=DIRECTION('ref_axis',(-1.,0.,1.77635683940025E-15));
#3451=DIRECTION('center_axis',(0.,1.,0.));
#3452=DIRECTION('ref_axis',(-1.,0.,1.77635683940025E-15));
#3453=DIRECTION('',(0.,1.,0.));
#3454=DIRECTION('center_axis',(-1.,0.,0.));
#3455=DIRECTION('ref_axis',(0.,0.,1.));
#3456=DIRECTION('',(0.,0.,1.));
#3457=DIRECTION('',(0.,1.,0.));
#3458=DIRECTION('center_axis',(0.,1.,0.));
#3459=DIRECTION('ref_axis',(-1.77635683940025E-15,0.,-1.));
#3460=DIRECTION('center_axis',(0.,1.,0.));
#3461=DIRECTION('ref_axis',(-1.77635683940025E-15,0.,-1.));
#3462=DIRECTION('',(0.,1.,0.));
#3463=DIRECTION('center_axis',(-1.23382790405321E-17,0.,-1.));
#3464=DIRECTION('ref_axis',(-1.,0.,1.23382790405321E-17));
#3465=DIRECTION('',(-1.,0.,1.23382790405321E-17));
#3466=DIRECTION('',(0.,1.,0.));
#3467=DIRECTION('center_axis',(0.,1.,0.));
#3468=DIRECTION('ref_axis',(1.,0.,-3.33066907387547E-16));
#3469=DIRECTION('center_axis',(0.,1.,0.));
#3470=DIRECTION('ref_axis',(1.,0.,-3.33066907387547E-16));
#3471=DIRECTION('',(0.,1.,0.));
#3472=DIRECTION('center_axis',(1.,0.,8.07655196599186E-17));
#3473=DIRECTION('ref_axis',(8.07655196599186E-17,0.,-1.));
#3474=DIRECTION('',(8.07655196599186E-17,0.,-1.));
#3475=DIRECTION('',(0.,1.,0.));
#3476=DIRECTION('center_axis',(0.,1.,0.));
#3477=DIRECTION('ref_axis',(-3.88578058618805E-16,0.,1.));
#3478=DIRECTION('center_axis',(0.,1.,0.));
#3479=DIRECTION('ref_axis',(-3.88578058618805E-16,0.,1.));
#3480=DIRECTION('center_axis',(0.,1.,0.));
#3481=DIRECTION('ref_axis',(1.,0.,0.));
#3482=DIRECTION('center_axis',(0.,-1.,0.));
#3483=DIRECTION('ref_axis',(1.,0.,0.));
#3484=DIRECTION('',(0.,-1.,0.));
#3485=DIRECTION('center_axis',(0.,-1.,0.));
#3486=DIRECTION('ref_axis',(1.,0.,0.));
#3487=DIRECTION('center_axis',(0.,1.,0.));
#3488=DIRECTION('ref_axis',(1.,0.,0.));
#3489=DIRECTION('center_axis',(0.,-1.,0.));
#3490=DIRECTION('ref_axis',(1.,0.,0.));
#3491=DIRECTION('',(0.,-1.,0.));
#3492=DIRECTION('center_axis',(0.,-1.,0.));
#3493=DIRECTION('ref_axis',(1.,0.,0.));
#3494=DIRECTION('center_axis',(0.,1.,0.));
#3495=DIRECTION('ref_axis',(1.,0.,0.));
#3496=DIRECTION('center_axis',(0.,-1.,0.));
#3497=DIRECTION('ref_axis',(1.,0.,0.));
#3498=DIRECTION('',(0.,-1.,0.));
#3499=DIRECTION('center_axis',(0.,-1.,0.));
#3500=DIRECTION('ref_axis',(1.,0.,0.));
#3501=DIRECTION('center_axis',(0.,1.,0.));
#3502=DIRECTION('ref_axis',(1.,0.,0.));
#3503=DIRECTION('center_axis',(0.,-1.,0.));
#3504=DIRECTION('ref_axis',(1.,0.,0.));
#3505=DIRECTION('',(0.,-1.,0.));
#3506=DIRECTION('center_axis',(0.,-1.,0.));
#3507=DIRECTION('ref_axis',(1.,0.,0.));
#3508=DIRECTION('center_axis',(0.,1.,0.));
#3509=DIRECTION('ref_axis',(1.,0.,0.));
#3510=DIRECTION('center_axis',(0.,1.,0.));
#3511=DIRECTION('ref_axis',(1.,0.,0.));
#3512=DIRECTION('center_axis',(1.,0.,0.));
#3513=DIRECTION('ref_axis',(0.,0.,-1.));
#3514=DIRECTION('',(0.,0.,-1.));
#3515=DIRECTION('',(0.,-1.,0.));
#3516=DIRECTION('',(-8.07655196599186E-17,0.,1.));
#3517=DIRECTION('',(0.,1.,0.));
#3518=DIRECTION('center_axis',(0.,1.,0.));
#3519=DIRECTION('ref_axis',(1.,0.,0.));
#3520=DIRECTION('',(-8.07655196599186E-17,0.,1.));
#3521=DIRECTION('center_axis',(0.,-1.,0.));
#3522=DIRECTION('ref_axis',(-3.88578058618805E-16,0.,1.));
#3523=DIRECTION('',(-1.,0.,9.87062323242565E-17));
#3524=DIRECTION('center_axis',(0.,-1.,0.));
#3525=DIRECTION('ref_axis',(-1.,0.,1.77635683940025E-15));
#3526=DIRECTION('',(0.,0.,-1.));
#3527=DIRECTION('center_axis',(0.,-1.,0.));
#3528=DIRECTION('ref_axis',(-1.77635683940025E-15,0.,-1.));
#3529=DIRECTION('',(1.,0.,-1.23382790405321E-17));
#3530=DIRECTION('center_axis',(0.,-1.,0.));
#3531=DIRECTION('ref_axis',(1.,0.,-3.33066907387547E-16));
#3532=DIRECTION('',(-1.,0.,0.));
#3533=DIRECTION('center_axis',(0.,-1.,0.));
#3534=DIRECTION('ref_axis',(-1.,0.,-8.88178419700126E-16));
#3535=DIRECTION('',(0.,0.,-1.));
#3536=DIRECTION('',(-1.,0.,0.));
#3537=DIRECTION('',(0.,0.,1.));
#3538=DIRECTION('center_axis',(0.,-1.,0.));
#3539=DIRECTION('ref_axis',(3.55271367880049E-15,0.,1.));
#3540=DIRECTION('',(-1.,0.,-1.33226762955019E-15));
#3541=DIRECTION('',(0.,0.,1.));
#3542=DIRECTION('',(1.,0.,0.));
#3543=DIRECTION('center_axis',(0.,-1.,0.));
#3544=DIRECTION('ref_axis',(1.,0.,-1.77635683940025E-15));
#3545=DIRECTION('',(0.,0.,1.));
#3546=DIRECTION('',(1.,0.,0.));
#3547=DIRECTION('',(0.,0.,-1.));
#3548=DIRECTION('center_axis',(0.,-1.,0.));
#3549=DIRECTION('ref_axis',(4.44089209850063E-16,0.,-1.));
#3550=DIRECTION('',(1.,0.,1.77635683940025E-15));
#3551=DIRECTION('center_axis',(0.,1.,0.));
#3552=DIRECTION('ref_axis',(0.,0.,1.));
#3553=DIRECTION('center_axis',(0.,1.,0.));
#3554=DIRECTION('ref_axis',(0.,0.,1.));
#3555=DIRECTION('center_axis',(0.,1.,0.));
#3556=DIRECTION('ref_axis',(0.,0.,1.));
#3557=DIRECTION('center_axis',(0.,1.,0.));
#3558=DIRECTION('ref_axis',(0.,0.,1.));
#3559=DIRECTION('center_axis',(0.,0.,-1.));
#3560=DIRECTION('ref_axis',(-1.,0.,0.));
#3561=DIRECTION('',(0.,-1.,0.));
#3562=DIRECTION('',(1.,0.,0.));
#3563=DIRECTION('',(0.,-1.,0.));
#3564=DIRECTION('',(1.,0.,0.));
#3565=DIRECTION('',(0.,1.,0.));
#3566=DIRECTION('center_axis',(1.,0.,0.));
#3567=DIRECTION('ref_axis',(0.,-1.,0.));
#3568=DIRECTION('',(0.,1.,0.));
#3569=DIRECTION('',(0.,0.,1.));
#3570=DIRECTION('',(0.,0.,-1.));
#3571=DIRECTION('center_axis',(-1.,0.,0.));
#3572=DIRECTION('ref_axis',(0.,0.,1.));
#3573=DIRECTION('',(0.,-1.,0.));
#3574=DIRECTION('',(0.,0.,-1.));
#3575=DIRECTION('',(0.,1.,0.));
#3576=DIRECTION('center_axis',(1.,0.,0.));
#3577=DIRECTION('ref_axis',(0.,1.,0.));
#3578=DIRECTION('',(0.,1.,0.));
#3579=DIRECTION('',(0.,0.,1.));
#3580=DIRECTION('',(0.,1.,0.));
#3581=DIRECTION('',(0.,0.,1.));
#3582=DIRECTION('center_axis',(0.,0.,1.));
#3583=DIRECTION('ref_axis',(1.,0.,0.));
#3584=DIRECTION('',(0.,-1.,0.));
#3585=DIRECTION('',(-1.,0.,0.));
#3586=DIRECTION('',(-1.,0.,9.87062323242565E-17));
#3587=DIRECTION('',(0.,1.,0.));
#3588=DIRECTION('center_axis',(0.,1.,0.));
#3589=DIRECTION('ref_axis',(1.,0.,0.));
#3590=DIRECTION('',(-1.,0.,1.23382790405321E-17));
#3591=DIRECTION('center_axis',(-7.8886090522101E-31,1.,-4.44089209850062E-16));
#3592=DIRECTION('ref_axis',(-1.77635683940025E-15,-4.44089209850062E-16,
-1.));
#3593=DIRECTION('',(0.,4.84593117959512E-16,1.));
#3594=DIRECTION('center_axis',(0.,1.,0.));
#3595=DIRECTION('ref_axis',(-1.,0.,1.77635683940025E-15));
#3596=DIRECTION('',(1.,0.,-9.87062323242565E-17));
#3597=DIRECTION('center_axis',(2.58844984525645E-31,1.,-6.66133814775095E-16));
#3598=DIRECTION('ref_axis',(-3.88578058618805E-16,6.66133814775095E-16,
1.));
#3599=DIRECTION('',(8.07655196599186E-17,-4.84593117959512E-16,-1.));
#3600=DIRECTION('center_axis',(0.,1.,0.));
#3601=DIRECTION('ref_axis',(1.,0.,-3.33066907387547E-16));
#3602=DIRECTION('center_axis',(0.,-1.,0.));
#3603=DIRECTION('ref_axis',(0.,0.,-1.));
#3604=DIRECTION('',(1.,0.,0.));
#3605=DIRECTION('center_axis',(0.,-1.,0.));
#3606=DIRECTION('ref_axis',(1.,0.,0.));
#3607=DIRECTION('',(0.,1.70803542250024E-16,1.));
#3608=DIRECTION('center_axis',(0.,-1.,0.));
#3609=DIRECTION('ref_axis',(0.,0.,1.));
#3610=DIRECTION('',(-1.,0.,0.));
#3611=DIRECTION('center_axis',(0.,-1.,0.));
#3612=DIRECTION('ref_axis',(-1.,0.,0.));
#3613=DIRECTION('',(0.,-1.70803542250024E-16,-1.));
#3614=DIRECTION('center_axis',(0.,-1.,0.));
#3615=DIRECTION('ref_axis',(0.,0.,-1.));
#3616=DIRECTION('',(1.,0.,0.));
#3617=DIRECTION('center_axis',(0.,-1.,0.));
#3618=DIRECTION('ref_axis',(1.,0.,0.));
#3619=DIRECTION('',(0.,1.70803542250024E-16,1.));
#3620=DIRECTION('center_axis',(0.,-1.,0.));
#3621=DIRECTION('ref_axis',(0.,0.,1.));
#3622=DIRECTION('',(-1.,0.,0.));
#3623=DIRECTION('center_axis',(0.,-1.,0.));
#3624=DIRECTION('ref_axis',(-1.,0.,0.));
#3625=DIRECTION('',(0.,-1.70803542250024E-16,-1.));
#3626=DIRECTION('center_axis',(0.,-1.,0.));
#3627=DIRECTION('ref_axis',(0.,0.,-1.));
#3628=DIRECTION('',(1.,0.,0.));
#3629=DIRECTION('center_axis',(0.,-1.,0.));
#3630=DIRECTION('ref_axis',(1.,0.,0.));
#3631=DIRECTION('',(0.,1.70803542250024E-16,1.));
#3632=DIRECTION('center_axis',(0.,-1.,0.));
#3633=DIRECTION('ref_axis',(0.,0.,1.));
#3634=DIRECTION('',(-1.,0.,0.));
#3635=DIRECTION('center_axis',(0.,-1.,0.));
#3636=DIRECTION('ref_axis',(-1.,0.,3.55271367880051E-14));
#3637=DIRECTION('',(0.,-1.70803542250024E-16,-1.));
#3638=DIRECTION('center_axis',(0.,-1.,0.));
#3639=DIRECTION('ref_axis',(0.,0.,-1.));
#3640=DIRECTION('',(1.,0.,0.));
#3641=DIRECTION('center_axis',(0.,-1.,0.));
#3642=DIRECTION('ref_axis',(1.,0.,0.));
#3643=DIRECTION('',(0.,1.70803542250024E-16,1.));
#3644=DIRECTION('center_axis',(0.,-1.,0.));
#3645=DIRECTION('ref_axis',(0.,0.,1.));
#3646=DIRECTION('',(-1.,0.,0.));
#3647=DIRECTION('center_axis',(0.,-1.,0.));
#3648=DIRECTION('ref_axis',(-1.,0.,0.));
#3649=DIRECTION('',(0.,-1.70803542250024E-16,-1.));
#3650=DIRECTION('center_axis',(0.,-1.,0.));
#3651=DIRECTION('ref_axis',(0.,0.,-1.));
#3652=DIRECTION('',(1.,0.,0.));
#3653=DIRECTION('center_axis',(0.,-1.,0.));
#3654=DIRECTION('ref_axis',(1.,0.,0.));
#3655=DIRECTION('',(0.,1.70803542250024E-16,1.));
#3656=DIRECTION('center_axis',(0.,-1.,0.));
#3657=DIRECTION('ref_axis',(0.,0.,1.));
#3658=DIRECTION('',(-1.,0.,0.));
#3659=DIRECTION('center_axis',(0.,-1.,0.));
#3660=DIRECTION('ref_axis',(-1.,0.,3.55271367880051E-14));
#3661=DIRECTION('',(0.,-1.70803542250024E-16,-1.));
#3662=DIRECTION('center_axis',(0.,-1.,0.));
#3663=DIRECTION('ref_axis',(0.,0.,-1.));
#3664=DIRECTION('',(1.,0.,0.));
#3665=DIRECTION('center_axis',(0.,-1.,0.));
#3666=DIRECTION('ref_axis',(1.,0.,0.));
#3667=DIRECTION('',(0.,1.70803542250024E-16,1.));
#3668=DIRECTION('center_axis',(0.,-1.,0.));
#3669=DIRECTION('ref_axis',(-8.88178419700144E-15,0.,1.));
#3670=DIRECTION('',(-1.,0.,0.));
#3671=DIRECTION('center_axis',(0.,-1.,0.));
#3672=DIRECTION('ref_axis',(-1.,0.,0.));
#3673=DIRECTION('',(0.,-1.70803542250024E-16,-1.));
#3674=DIRECTION('center_axis',(0.,-1.,0.));
#3675=DIRECTION('ref_axis',(0.,0.,-1.));
#3676=DIRECTION('',(1.,0.,0.));
#3677=DIRECTION('center_axis',(0.,-1.,0.));
#3678=DIRECTION('ref_axis',(1.,0.,0.));
#3679=DIRECTION('',(0.,1.70803542250024E-16,1.));
#3680=DIRECTION('center_axis',(0.,-1.,0.));
#3681=DIRECTION('ref_axis',(-8.88178419700113E-15,0.,1.));
#3682=DIRECTION('',(-1.,0.,0.));
#3683=DIRECTION('center_axis',(0.,-1.,0.));
#3684=DIRECTION('ref_axis',(-1.,0.,0.));
#3685=DIRECTION('',(0.,-1.70803542250024E-16,-1.));
#3686=DIRECTION('center_axis',(0.,-1.,0.));
#3687=DIRECTION('ref_axis',(0.,0.,-1.));
#3688=DIRECTION('',(1.,0.,0.));
#3689=DIRECTION('center_axis',(0.,-1.,0.));
#3690=DIRECTION('ref_axis',(1.,0.,0.));
#3691=DIRECTION('',(0.,1.70803542250024E-16,1.));
#3692=DIRECTION('center_axis',(0.,-1.,0.));
#3693=DIRECTION('ref_axis',(-8.88178419700117E-15,0.,1.));
#3694=DIRECTION('',(-1.,0.,0.));
#3695=DIRECTION('center_axis',(0.,-1.,0.));
#3696=DIRECTION('ref_axis',(-1.,0.,3.55271367880058E-14));
#3697=DIRECTION('',(0.,-1.70803542250024E-16,-1.));
#3698=DIRECTION('center_axis',(0.,-1.,0.));
#3699=DIRECTION('ref_axis',(0.,0.,-1.));
#3700=DIRECTION('',(1.,0.,0.));
#3701=DIRECTION('center_axis',(0.,-1.,0.));
#3702=DIRECTION('ref_axis',(1.,0.,0.));
#3703=DIRECTION('',(0.,1.70803542250024E-16,1.));
#3704=DIRECTION('center_axis',(0.,-1.,0.));
#3705=DIRECTION('ref_axis',(0.,0.,1.));
#3706=DIRECTION('',(-1.,0.,0.));
#3707=DIRECTION('center_axis',(0.,-1.,0.));
#3708=DIRECTION('ref_axis',(-1.,0.,0.));
#3709=DIRECTION('',(0.,-1.70803542250024E-16,-1.));
#3710=DIRECTION('',(0.00607230237952044,2.39175744901948E-16,0.999981563401952));
#3711=DIRECTION('',(0.,0.,-1.));
#3712=DIRECTION('center_axis',(0.,1.,0.));
#3713=DIRECTION('ref_axis',(1.,0.,-1.77635683940025E-15));
#3714=DIRECTION('',(-1.,0.,-1.77635683940025E-15));
#3715=DIRECTION('',(1.,0.,0.));
#3716=DIRECTION('center_axis',(0.,1.,0.));
#3717=DIRECTION('ref_axis',(3.55271367880049E-15,0.,1.));
#3718=DIRECTION('',(0.,-4.44089209850063E-16,-1.));
#3719=DIRECTION('center_axis',(0.,-1.,0.));
#3720=DIRECTION('ref_axis',(0.,0.,1.));
#3721=DIRECTION('center_axis',(0.,1.,0.));
#3722=DIRECTION('ref_axis',(0.,0.,1.));
#3723=DIRECTION('',(0.,-1.,0.));
#3724=DIRECTION('center_axis',(0.,1.,0.));
#3725=DIRECTION('ref_axis',(0.,0.,-1.));
#3726=DIRECTION('center_axis',(0.,-1.,0.));
#3727=DIRECTION('ref_axis',(0.,0.,1.));
#3728=DIRECTION('center_axis',(0.,1.,0.));
#3729=DIRECTION('ref_axis',(0.,0.,1.));
#3730=DIRECTION('',(0.,-1.,0.));
#3731=DIRECTION('center_axis',(0.,1.,0.));
#3732=DIRECTION('ref_axis',(0.,0.,-1.));
#3733=DIRECTION('center_axis',(0.,-1.,0.));
#3734=DIRECTION('ref_axis',(0.,0.,1.));
#3735=DIRECTION('center_axis',(0.,1.,0.));
#3736=DIRECTION('ref_axis',(0.,0.,1.));
#3737=DIRECTION('',(0.,-1.,0.));
#3738=DIRECTION('center_axis',(0.,1.,0.));
#3739=DIRECTION('ref_axis',(0.,0.,-1.));
#3740=DIRECTION('center_axis',(0.,-1.,0.));
#3741=DIRECTION('ref_axis',(0.,0.,1.));
#3742=DIRECTION('center_axis',(0.,1.,0.));
#3743=DIRECTION('ref_axis',(0.,0.,1.));
#3744=DIRECTION('',(0.,-1.,0.));
#3745=DIRECTION('center_axis',(0.,1.,0.));
#3746=DIRECTION('ref_axis',(0.,0.,-1.));
#3747=DIRECTION('center_axis',(0.,1.,0.));
#3748=DIRECTION('ref_axis',(1.,0.,0.));
#3749=DIRECTION('',(0.00607230237952044,2.39175744901948E-16,0.999981563401952));
#3750=DIRECTION('',(0.,0.,1.));
#3751=DIRECTION('center_axis',(0.,1.,0.));
#3752=DIRECTION('ref_axis',(-1.,0.,-8.88178419700126E-16));
#3753=DIRECTION('',(1.,0.,0.));
#3754=DIRECTION('',(-1.,0.,-1.77635683940025E-15));
#3755=DIRECTION('center_axis',(0.,1.,0.));
#3756=DIRECTION('ref_axis',(4.44089209850063E-16,0.,-1.));
#3757=DIRECTION('',(0.,0.,1.));
#3758=DIRECTION('center_axis',(0.,-1.,0.));
#3759=DIRECTION('ref_axis',(0.,0.,-1.));
#3760=DIRECTION('',(0.,-1.70803542250024E-16,-1.));
#3761=DIRECTION('center_axis',(0.,-1.,0.));
#3762=DIRECTION('ref_axis',(-1.,0.,0.));
#3763=DIRECTION('',(-1.,0.,0.));
#3764=DIRECTION('center_axis',(0.,-1.,0.));
#3765=DIRECTION('ref_axis',(0.,0.,1.));
#3766=DIRECTION('',(0.,1.70803542250024E-16,1.));
#3767=DIRECTION('center_axis',(0.,-1.,0.));
#3768=DIRECTION('ref_axis',(1.,0.,0.));
#3769=DIRECTION('',(1.,0.,0.));
#3770=DIRECTION('center_axis',(0.,-1.,0.));
#3771=DIRECTION('ref_axis',(0.,0.,-1.));
#3772=DIRECTION('',(0.,-1.70803542250024E-16,-1.));
#3773=DIRECTION('center_axis',(0.,-1.,0.));
#3774=DIRECTION('ref_axis',(-1.,0.,0.));
#3775=DIRECTION('',(-1.,0.,0.));
#3776=DIRECTION('center_axis',(0.,-1.,0.));
#3777=DIRECTION('ref_axis',(0.,0.,1.));
#3778=DIRECTION('',(0.,1.70803542250024E-16,1.));
#3779=DIRECTION('center_axis',(0.,-1.,0.));
#3780=DIRECTION('ref_axis',(1.,0.,0.));
#3781=DIRECTION('',(1.,0.,0.));
#3782=DIRECTION('center_axis',(0.,-1.,0.));
#3783=DIRECTION('ref_axis',(0.,0.,-1.));
#3784=DIRECTION('',(0.,-1.70803542250024E-16,-1.));
#3785=DIRECTION('center_axis',(0.,-1.,0.));
#3786=DIRECTION('ref_axis',(-1.,0.,3.55271367880051E-14));
#3787=DIRECTION('',(-1.,0.,0.));
#3788=DIRECTION('center_axis',(0.,-1.,0.));
#3789=DIRECTION('ref_axis',(0.,0.,1.));
#3790=DIRECTION('',(0.,1.70803542250024E-16,1.));
#3791=DIRECTION('center_axis',(0.,-1.,0.));
#3792=DIRECTION('ref_axis',(1.,0.,0.));
#3793=DIRECTION('',(1.,0.,0.));
#3794=DIRECTION('center_axis',(0.,-1.,0.));
#3795=DIRECTION('ref_axis',(0.,0.,-1.));
#3796=DIRECTION('',(0.,-1.70803542250024E-16,-1.));
#3797=DIRECTION('center_axis',(0.,-1.,0.));
#3798=DIRECTION('ref_axis',(-1.,0.,0.));
#3799=DIRECTION('',(-1.,0.,0.));
#3800=DIRECTION('center_axis',(0.,-1.,0.));
#3801=DIRECTION('ref_axis',(0.,0.,1.));
#3802=DIRECTION('',(0.,1.70803542250024E-16,1.));
#3803=DIRECTION('center_axis',(0.,-1.,0.));
#3804=DIRECTION('ref_axis',(1.,0.,0.));
#3805=DIRECTION('',(1.,0.,0.));
#3806=DIRECTION('center_axis',(0.,-1.,0.));
#3807=DIRECTION('ref_axis',(0.,0.,-1.));
#3808=DIRECTION('',(0.,-1.70803542250024E-16,-1.));
#3809=DIRECTION('center_axis',(0.,-1.,0.));
#3810=DIRECTION('ref_axis',(-1.,0.,3.55271367880051E-14));
#3811=DIRECTION('',(-1.,0.,0.));
#3812=DIRECTION('center_axis',(0.,-1.,0.));
#3813=DIRECTION('ref_axis',(0.,0.,1.));
#3814=DIRECTION('',(0.,1.70803542250024E-16,1.));
#3815=DIRECTION('center_axis',(0.,-1.,0.));
#3816=DIRECTION('ref_axis',(1.,0.,0.));
#3817=DIRECTION('',(1.,0.,0.));
#3818=DIRECTION('center_axis',(0.,-1.,0.));
#3819=DIRECTION('ref_axis',(0.,0.,-1.));
#3820=DIRECTION('',(0.,-1.70803542250024E-16,-1.));
#3821=DIRECTION('center_axis',(0.,-1.,0.));
#3822=DIRECTION('ref_axis',(-1.,0.,0.));
#3823=DIRECTION('',(-1.,0.,0.));
#3824=DIRECTION('center_axis',(0.,-1.,0.));
#3825=DIRECTION('ref_axis',(-8.88178419700144E-15,0.,1.));
#3826=DIRECTION('',(0.,1.70803542250024E-16,1.));
#3827=DIRECTION('center_axis',(0.,-1.,0.));
#3828=DIRECTION('ref_axis',(1.,0.,0.));
#3829=DIRECTION('',(1.,0.,0.));
#3830=DIRECTION('center_axis',(0.,-1.,0.));
#3831=DIRECTION('ref_axis',(0.,0.,-1.));
#3832=DIRECTION('',(0.,-1.70803542250024E-16,-1.));
#3833=DIRECTION('center_axis',(0.,-1.,0.));
#3834=DIRECTION('ref_axis',(-1.,0.,0.));
#3835=DIRECTION('',(-1.,0.,0.));
#3836=DIRECTION('center_axis',(0.,-1.,0.));
#3837=DIRECTION('ref_axis',(-8.88178419700113E-15,0.,1.));
#3838=DIRECTION('',(0.,1.70803542250024E-16,1.));
#3839=DIRECTION('center_axis',(0.,-1.,0.));
#3840=DIRECTION('ref_axis',(1.,0.,0.));
#3841=DIRECTION('',(1.,0.,0.));
#3842=DIRECTION('center_axis',(0.,-1.,0.));
#3843=DIRECTION('ref_axis',(0.,0.,-1.));
#3844=DIRECTION('',(0.,-1.70803542250024E-16,-1.));
#3845=DIRECTION('center_axis',(0.,-1.,0.));
#3846=DIRECTION('ref_axis',(-1.,0.,3.55271367880058E-14));
#3847=DIRECTION('',(-1.,0.,0.));
#3848=DIRECTION('center_axis',(0.,-1.,0.));
#3849=DIRECTION('ref_axis',(-8.88178419700117E-15,0.,1.));
#3850=DIRECTION('',(0.,1.70803542250024E-16,1.));
#3851=DIRECTION('center_axis',(0.,-1.,0.));
#3852=DIRECTION('ref_axis',(1.,0.,0.));
#3853=DIRECTION('',(1.,0.,0.));
#3854=DIRECTION('center_axis',(0.,-1.,0.));
#3855=DIRECTION('ref_axis',(0.,0.,-1.));
#3856=DIRECTION('',(0.,-1.70803542250024E-16,-1.));
#3857=DIRECTION('center_axis',(0.,-1.,0.));
#3858=DIRECTION('ref_axis',(-1.,0.,0.));
#3859=DIRECTION('',(-1.,0.,0.));
#3860=DIRECTION('center_axis',(0.,-1.,0.));
#3861=DIRECTION('ref_axis',(0.,0.,1.));
#3862=DIRECTION('',(0.,1.70803542250024E-16,1.));
#3863=DIRECTION('center_axis',(0.,-1.,0.));
#3864=DIRECTION('ref_axis',(1.,0.,0.));
#3865=DIRECTION('',(1.,0.,0.));
#3866=DIRECTION('center_axis',(1.,0.,0.));
#3867=DIRECTION('ref_axis',(0.,-1.70803542250024E-16,-1.));
#3868=DIRECTION('',(0.,1.,0.));
#3869=DIRECTION('',(0.,1.,0.));
#3870=DIRECTION('center_axis',(0.,1.,0.));
#3871=DIRECTION('ref_axis',(-1.,0.,0.));
#3872=DIRECTION('',(0.,1.,0.));
#3873=DIRECTION('center_axis',(0.,0.,-1.));
#3874=DIRECTION('ref_axis',(-1.,0.,0.));
#3875=DIRECTION('',(0.,1.,0.));
#3876=DIRECTION('center_axis',(0.,1.,0.));
#3877=DIRECTION('ref_axis',(0.,0.,1.));
#3878=DIRECTION('',(0.,1.,0.));
#3879=DIRECTION('center_axis',(-1.,0.,0.));
#3880=DIRECTION('ref_axis',(0.,1.70803542250024E-16,1.));
#3881=DIRECTION('',(0.,1.,0.));
#3882=DIRECTION('center_axis',(0.,1.,0.));
#3883=DIRECTION('ref_axis',(1.,0.,0.));
#3884=DIRECTION('',(0.,1.,0.));
#3885=DIRECTION('center_axis',(0.,0.,1.));
#3886=DIRECTION('ref_axis',(1.,0.,0.));
#3887=DIRECTION('',(0.,1.,0.));
#3888=DIRECTION('center_axis',(0.,1.,0.));
#3889=DIRECTION('ref_axis',(0.,0.,-1.));
#3890=DIRECTION('center_axis',(1.,0.,0.));
#3891=DIRECTION('ref_axis',(0.,-1.70803542250024E-16,-1.));
#3892=DIRECTION('',(0.,1.,0.));
#3893=DIRECTION('',(0.,1.,0.));
#3894=DIRECTION('center_axis',(0.,1.,0.));
#3895=DIRECTION('ref_axis',(-1.,0.,0.));
#3896=DIRECTION('',(0.,1.,0.));
#3897=DIRECTION('center_axis',(0.,0.,-1.));
#3898=DIRECTION('ref_axis',(-1.,0.,0.));
#3899=DIRECTION('',(0.,1.,0.));
#3900=DIRECTION('center_axis',(0.,1.,0.));
#3901=DIRECTION('ref_axis',(0.,0.,1.));
#3902=DIRECTION('',(0.,1.,0.));
#3903=DIRECTION('center_axis',(-1.,0.,0.));
#3904=DIRECTION('ref_axis',(0.,1.70803542250024E-16,1.));
#3905=DIRECTION('',(0.,1.,0.));
#3906=DIRECTION('center_axis',(0.,1.,0.));
#3907=DIRECTION('ref_axis',(1.,0.,0.));
#3908=DIRECTION('',(0.,1.,0.));
#3909=DIRECTION('center_axis',(0.,0.,1.));
#3910=DIRECTION('ref_axis',(1.,0.,0.));
#3911=DIRECTION('',(0.,1.,0.));
#3912=DIRECTION('center_axis',(0.,1.,0.));
#3913=DIRECTION('ref_axis',(0.,0.,-1.));
#3914=DIRECTION('center_axis',(1.,0.,0.));
#3915=DIRECTION('ref_axis',(0.,-1.70803542250024E-16,-1.));
#3916=DIRECTION('',(0.,1.,0.));
#3917=DIRECTION('',(0.,1.,0.));
#3918=DIRECTION('center_axis',(0.,1.,0.));
#3919=DIRECTION('ref_axis',(-1.,0.,3.55271367880051E-14));
#3920=DIRECTION('',(0.,1.,0.));
#3921=DIRECTION('center_axis',(0.,0.,-1.));
#3922=DIRECTION('ref_axis',(-1.,0.,0.));
#3923=DIRECTION('',(0.,1.,0.));
#3924=DIRECTION('center_axis',(0.,1.,0.));
#3925=DIRECTION('ref_axis',(0.,0.,1.));
#3926=DIRECTION('',(0.,1.,0.));
#3927=DIRECTION('center_axis',(-1.,0.,0.));
#3928=DIRECTION('ref_axis',(0.,1.70803542250024E-16,1.));
#3929=DIRECTION('',(0.,1.,0.));
#3930=DIRECTION('center_axis',(0.,1.,0.));
#3931=DIRECTION('ref_axis',(1.,0.,0.));
#3932=DIRECTION('',(0.,1.,0.));
#3933=DIRECTION('center_axis',(0.,0.,1.));
#3934=DIRECTION('ref_axis',(1.,0.,0.));
#3935=DIRECTION('',(0.,1.,0.));
#3936=DIRECTION('center_axis',(0.,1.,0.));
#3937=DIRECTION('ref_axis',(0.,0.,-1.));
#3938=DIRECTION('center_axis',(1.,0.,0.));
#3939=DIRECTION('ref_axis',(0.,-1.70803542250024E-16,-1.));
#3940=DIRECTION('',(0.,1.,0.));
#3941=DIRECTION('',(0.,1.,0.));
#3942=DIRECTION('center_axis',(0.,1.,0.));
#3943=DIRECTION('ref_axis',(-1.,0.,0.));
#3944=DIRECTION('',(0.,1.,0.));
#3945=DIRECTION('center_axis',(0.,0.,-1.));
#3946=DIRECTION('ref_axis',(-1.,0.,0.));
#3947=DIRECTION('',(0.,1.,0.));
#3948=DIRECTION('center_axis',(0.,1.,0.));
#3949=DIRECTION('ref_axis',(0.,0.,1.));
#3950=DIRECTION('',(0.,1.,0.));
#3951=DIRECTION('center_axis',(-1.,0.,0.));
#3952=DIRECTION('ref_axis',(0.,1.70803542250024E-16,1.));
#3953=DIRECTION('',(0.,1.,0.));
#3954=DIRECTION('center_axis',(0.,1.,0.));
#3955=DIRECTION('ref_axis',(1.,0.,0.));
#3956=DIRECTION('',(0.,1.,0.));
#3957=DIRECTION('center_axis',(0.,0.,1.));
#3958=DIRECTION('ref_axis',(1.,0.,0.));
#3959=DIRECTION('',(0.,1.,0.));
#3960=DIRECTION('center_axis',(0.,1.,0.));
#3961=DIRECTION('ref_axis',(0.,0.,-1.));
#3962=DIRECTION('center_axis',(1.,0.,0.));
#3963=DIRECTION('ref_axis',(0.,-1.70803542250024E-16,-1.));
#3964=DIRECTION('',(0.,1.,0.));
#3965=DIRECTION('',(0.,1.,0.));
#3966=DIRECTION('center_axis',(0.,1.,0.));
#3967=DIRECTION('ref_axis',(-1.,0.,3.55271367880051E-14));
#3968=DIRECTION('',(0.,1.,0.));
#3969=DIRECTION('center_axis',(0.,0.,-1.));
#3970=DIRECTION('ref_axis',(-1.,0.,0.));
#3971=DIRECTION('',(0.,1.,0.));
#3972=DIRECTION('center_axis',(0.,1.,0.));
#3973=DIRECTION('ref_axis',(0.,0.,1.));
#3974=DIRECTION('',(0.,1.,0.));
#3975=DIRECTION('center_axis',(-1.,0.,0.));
#3976=DIRECTION('ref_axis',(0.,1.70803542250024E-16,1.));
#3977=DIRECTION('',(0.,1.,0.));
#3978=DIRECTION('center_axis',(0.,1.,0.));
#3979=DIRECTION('ref_axis',(1.,0.,0.));
#3980=DIRECTION('',(0.,1.,0.));
#3981=DIRECTION('center_axis',(0.,0.,1.));
#3982=DIRECTION('ref_axis',(1.,0.,0.));
#3983=DIRECTION('',(0.,1.,0.));
#3984=DIRECTION('center_axis',(0.,1.,0.));
#3985=DIRECTION('ref_axis',(0.,0.,-1.));
#3986=DIRECTION('center_axis',(1.,0.,0.));
#3987=DIRECTION('ref_axis',(0.,-1.70803542250024E-16,-1.));
#3988=DIRECTION('',(0.,1.,0.));
#3989=DIRECTION('',(0.,1.,0.));
#3990=DIRECTION('center_axis',(0.,1.,0.));
#3991=DIRECTION('ref_axis',(-1.,0.,0.));
#3992=DIRECTION('',(0.,1.,0.));
#3993=DIRECTION('center_axis',(0.,0.,-1.));
#3994=DIRECTION('ref_axis',(-1.,0.,0.));
#3995=DIRECTION('',(0.,1.,0.));
#3996=DIRECTION('center_axis',(0.,1.,0.));
#3997=DIRECTION('ref_axis',(-8.88178419700144E-15,0.,1.));
#3998=DIRECTION('',(0.,1.,0.));
#3999=DIRECTION('center_axis',(-1.,0.,0.));
#4000=DIRECTION('ref_axis',(0.,1.70803542250024E-16,1.));
#4001=DIRECTION('',(0.,1.,0.));
#4002=DIRECTION('center_axis',(0.,1.,0.));
#4003=DIRECTION('ref_axis',(1.,0.,0.));
#4004=DIRECTION('',(0.,1.,0.));
#4005=DIRECTION('center_axis',(0.,0.,1.));
#4006=DIRECTION('ref_axis',(1.,0.,0.));
#4007=DIRECTION('',(0.,1.,0.));
#4008=DIRECTION('center_axis',(0.,1.,0.));
#4009=DIRECTION('ref_axis',(0.,0.,-1.));
#4010=DIRECTION('center_axis',(1.,0.,0.));
#4011=DIRECTION('ref_axis',(0.,-1.70803542250024E-16,-1.));
#4012=DIRECTION('',(0.,1.,0.));
#4013=DIRECTION('',(0.,1.,0.));
#4014=DIRECTION('center_axis',(0.,1.,0.));
#4015=DIRECTION('ref_axis',(-1.,0.,0.));
#4016=DIRECTION('',(0.,1.,0.));
#4017=DIRECTION('center_axis',(0.,0.,-1.));
#4018=DIRECTION('ref_axis',(-1.,0.,0.));
#4019=DIRECTION('',(0.,1.,0.));
#4020=DIRECTION('center_axis',(0.,1.,0.));
#4021=DIRECTION('ref_axis',(-8.88178419700113E-15,0.,1.));
#4022=DIRECTION('',(0.,1.,0.));
#4023=DIRECTION('center_axis',(-1.,0.,0.));
#4024=DIRECTION('ref_axis',(0.,1.70803542250024E-16,1.));
#4025=DIRECTION('',(0.,1.,0.));
#4026=DIRECTION('center_axis',(0.,1.,0.));
#4027=DIRECTION('ref_axis',(1.,0.,0.));
#4028=DIRECTION('',(0.,1.,0.));
#4029=DIRECTION('center_axis',(0.,0.,1.));
#4030=DIRECTION('ref_axis',(1.,0.,0.));
#4031=DIRECTION('',(0.,1.,0.));
#4032=DIRECTION('center_axis',(0.,1.,0.));
#4033=DIRECTION('ref_axis',(0.,0.,-1.));
#4034=DIRECTION('center_axis',(-0.999981563401952,0.,0.00607230237952044));
#4035=DIRECTION('ref_axis',(0.00607230237952044,2.39175744901948E-16,0.999981563401952));
#4036=DIRECTION('center_axis',(1.,0.,0.));
#4037=DIRECTION('ref_axis',(0.,-1.70803542250024E-16,-1.));
#4038=DIRECTION('',(0.,1.,0.));
#4039=DIRECTION('',(0.,1.,0.));
#4040=DIRECTION('center_axis',(0.,1.,0.));
#4041=DIRECTION('ref_axis',(-1.,0.,3.55271367880058E-14));
#4042=DIRECTION('',(0.,1.,0.));
#4043=DIRECTION('center_axis',(0.,0.,-1.));
#4044=DIRECTION('ref_axis',(-1.,0.,0.));
#4045=DIRECTION('',(0.,1.,0.));
#4046=DIRECTION('center_axis',(0.,1.,0.));
#4047=DIRECTION('ref_axis',(-8.88178419700117E-15,0.,1.));
#4048=DIRECTION('',(0.,1.,0.));
#4049=DIRECTION('center_axis',(-1.,0.,0.));
#4050=DIRECTION('ref_axis',(0.,1.70803542250024E-16,1.));
#4051=DIRECTION('',(0.,1.,0.));
#4052=DIRECTION('center_axis',(0.,1.,0.));
#4053=DIRECTION('ref_axis',(1.,0.,0.));
#4054=DIRECTION('',(0.,1.,0.));
#4055=DIRECTION('center_axis',(0.,0.,1.));
#4056=DIRECTION('ref_axis',(1.,0.,0.));
#4057=DIRECTION('',(0.,1.,0.));
#4058=DIRECTION('center_axis',(0.,1.,0.));
#4059=DIRECTION('ref_axis',(0.,0.,-1.));
#4060=DIRECTION('center_axis',(1.,0.,0.));
#4061=DIRECTION('ref_axis',(0.,-1.70803542250024E-16,-1.));
#4062=DIRECTION('',(0.,1.,0.));
#4063=DIRECTION('',(0.,1.,0.));
#4064=DIRECTION('center_axis',(0.,1.,0.));
#4065=DIRECTION('ref_axis',(-1.,0.,0.));
#4066=DIRECTION('',(0.,1.,0.));
#4067=DIRECTION('center_axis',(0.,0.,-1.));
#4068=DIRECTION('ref_axis',(-1.,0.,0.));
#4069=DIRECTION('',(0.,1.,0.));
#4070=DIRECTION('center_axis',(0.,1.,0.));
#4071=DIRECTION('ref_axis',(0.,0.,1.));
#4072=DIRECTION('',(0.,1.,0.));
#4073=DIRECTION('center_axis',(-1.,0.,0.));
#4074=DIRECTION('ref_axis',(0.,1.70803542250024E-16,1.));
#4075=DIRECTION('',(0.,1.,0.));
#4076=DIRECTION('center_axis',(0.,1.,0.));
#4077=DIRECTION('ref_axis',(1.,0.,0.));
#4078=DIRECTION('',(0.,1.,0.));
#4079=DIRECTION('center_axis',(0.,0.,1.));
#4080=DIRECTION('ref_axis',(1.,0.,0.));
#4081=DIRECTION('',(0.,1.,0.));
#4082=DIRECTION('center_axis',(0.,1.,0.));
#4083=DIRECTION('ref_axis',(0.,0.,-1.));
#4084=DIRECTION('center_axis',(-1.33226762955019E-15,0.,1.));
#4085=DIRECTION('ref_axis',(-1.,0.,-1.33226762955019E-15));
#4086=DIRECTION('',(0.,-1.,0.));
#4087=DIRECTION('center_axis',(0.,-1.,0.));
#4088=DIRECTION('ref_axis',(3.55271367880049E-15,0.,1.));
#4089=DIRECTION('',(0.,-1.,0.));
#4090=DIRECTION('center_axis',(1.,0.,0.));
#4091=DIRECTION('ref_axis',(0.,0.,1.));
#4092=DIRECTION('center_axis',(-1.,0.,0.));
#4093=DIRECTION('ref_axis',(0.,0.,-1.));
#4094=DIRECTION('',(0.,-1.,0.));
#4095=DIRECTION('center_axis',(0.,-1.,0.));
#4096=DIRECTION('ref_axis',(-1.,0.,-8.88178419700126E-16));
#4097=DIRECTION('',(0.,-1.,0.));
#4098=DIRECTION('center_axis',(0.,0.,1.));
#4099=DIRECTION('ref_axis',(-1.,0.,0.));
#4100=DIRECTION('center_axis',(1.77635683940025E-15,0.,-1.));
#4101=DIRECTION('ref_axis',(1.,0.,1.77635683940025E-15));
#4102=DIRECTION('',(0.,-1.,0.));
#4103=DIRECTION('center_axis',(0.,-1.,0.));
#4104=DIRECTION('ref_axis',(4.44089209850063E-16,0.,-1.));
#4105=DIRECTION('',(0.,-1.,0.));
#4106=DIRECTION('center_axis',(-1.,0.,0.));
#4107=DIRECTION('ref_axis',(0.,0.,-1.));
#4108=DIRECTION('center_axis',(1.,0.,0.));
#4109=DIRECTION('ref_axis',(0.,0.,1.));
#4110=DIRECTION('',(0.,-1.,0.));
#4111=DIRECTION('center_axis',(0.,-1.,0.));
#4112=DIRECTION('ref_axis',(1.,0.,-1.77635683940025E-15));
#4113=DIRECTION('',(0.,-1.,0.));
#4114=DIRECTION('center_axis',(1.77635683940025E-15,0.,-1.));
#4115=DIRECTION('ref_axis',(1.,0.,1.77635683940025E-15));
#4116=DIRECTION('center_axis',(0.,-1.,0.));
#4117=DIRECTION('ref_axis',(1.,0.,-3.33066907387547E-16));
#4118=DIRECTION('',(0.,1.,0.));
#4119=DIRECTION('',(0.,-1.,0.));
#4120=DIRECTION('center_axis',(-1.23382790405321E-17,0.,-1.));
#4121=DIRECTION('ref_axis',(1.,0.,-1.23382790405321E-17));
#4122=DIRECTION('',(0.,-1.,0.));
#4123=DIRECTION('center_axis',(0.,-1.,0.));
#4124=DIRECTION('ref_axis',(-1.77635683940025E-15,0.,-1.));
#4125=DIRECTION('',(0.,-1.,0.));
#4126=DIRECTION('center_axis',(-1.,0.,0.));
#4127=DIRECTION('ref_axis',(0.,0.,-1.));
#4128=DIRECTION('',(0.,-1.,0.));
#4129=DIRECTION('center_axis',(0.,-1.,0.));
#4130=DIRECTION('ref_axis',(-1.,0.,1.77635683940025E-15));
#4131=DIRECTION('',(0.,-1.,0.));
#4132=DIRECTION('center_axis',(9.87062323242565E-17,0.,1.));
#4133=DIRECTION('ref_axis',(-1.,0.,9.87062323242565E-17));
#4134=DIRECTION('',(0.,-1.,0.));
#4135=DIRECTION('center_axis',(0.,-1.,0.));
#4136=DIRECTION('ref_axis',(-3.88578058618805E-16,0.,1.));
#4137=DIRECTION('',(0.,-1.,0.));
#4138=DIRECTION('center_axis',(1.,0.,8.07655196599186E-17));
#4139=DIRECTION('ref_axis',(-8.07655196599186E-17,0.,1.));
#4140=DIRECTION('center_axis',(0.,-1.,0.));
#4141=DIRECTION('ref_axis',(0.,0.,1.));
#4142=DIRECTION('center_axis',(8.63506796930677E-17,-1.,-6.10072354100846E-33));
#4143=DIRECTION('ref_axis',(0.,0.,1.));
#4144=DIRECTION('',(0.,-1.,0.));
#4145=DIRECTION('center_axis',(-8.63506796930677E-17,1.,6.10072354100846E-33));
#4146=DIRECTION('ref_axis',(0.,0.,1.));
#4147=DIRECTION('center_axis',(0.,-1.,0.));
#4148=DIRECTION('ref_axis',(0.,0.,1.));
#4149=DIRECTION('center_axis',(8.63506796930677E-17,-1.,-6.10072354100846E-33));
#4150=DIRECTION('ref_axis',(0.,0.,1.));
#4151=DIRECTION('',(0.,-1.,0.));
#4152=DIRECTION('center_axis',(-8.63506796930677E-17,1.,6.10072354100846E-33));
#4153=DIRECTION('ref_axis',(0.,0.,1.));
#4154=DIRECTION('center_axis',(0.,-1.,0.));
#4155=DIRECTION('ref_axis',(0.,0.,1.));
#4156=DIRECTION('center_axis',(8.63506796930677E-17,-1.,-6.10072354100846E-33));
#4157=DIRECTION('ref_axis',(0.,0.,1.));
#4158=DIRECTION('',(0.,-1.,0.));
#4159=DIRECTION('center_axis',(-8.63506796930677E-17,1.,6.10072354100846E-33));
#4160=DIRECTION('ref_axis',(0.,0.,1.));
#4161=DIRECTION('center_axis',(0.,-1.,0.));
#4162=DIRECTION('ref_axis',(0.,0.,1.));
#4163=DIRECTION('center_axis',(8.63506796930677E-17,-1.,-6.10072354100846E-33));
#4164=DIRECTION('ref_axis',(0.,0.,1.));
#4165=DIRECTION('',(0.,-1.,0.));
#4166=DIRECTION('center_axis',(-8.63506796930677E-17,1.,6.10072354100846E-33));
#4167=DIRECTION('ref_axis',(0.,0.,1.));
#4168=DIRECTION('center_axis',(-1.,0.,0.));
#4169=DIRECTION('ref_axis',(0.,1.21115239050017E-16,-1.));
#4170=DIRECTION('',(0.,-1.21115239050017E-16,1.));
#4171=DIRECTION('',(0.,-1.,-6.10072354100846E-33));
#4172=DIRECTION('',(0.,1.21115239050017E-16,-1.));
#4173=DIRECTION('',(0.,-1.,-6.10072354100846E-33));
#4174=DIRECTION('center_axis',(0.,-1.,-6.10072354100846E-33));
#4175=DIRECTION('ref_axis',(-1.,0.,1.77635683940025E-15));
#4176=DIRECTION('center_axis',(-2.22044604925031E-16,1.,4.44089209850062E-16));
#4177=DIRECTION('ref_axis',(-1.,-2.22044604925031E-16,1.77635683940025E-15));
#4178=DIRECTION('center_axis',(2.22044604925031E-16,-1.,-4.44089209850062E-16));
#4179=DIRECTION('ref_axis',(-1.,-2.22044604925031E-16,1.77635683940025E-15));
#4180=DIRECTION('',(0.,-1.,-6.10072354100846E-33));
#4181=DIRECTION('center_axis',(5.26801624385579E-49,-6.10072354100846E-33,
1.));
#4182=DIRECTION('ref_axis',(-1.,-8.63506796930677E-17,0.));
#4183=DIRECTION('',(1.,8.63506796930677E-17,0.));
#4184=DIRECTION('',(-1.,-8.63506796930677E-17,0.));
#4185=DIRECTION('',(0.,-1.,-6.10072354100846E-33));
#4186=DIRECTION('center_axis',(0.,-1.,-6.10072354100846E-33));
#4187=DIRECTION('ref_axis',(-7.7715611723761E-16,-6.10072354100846E-33,
1.));
#4188=DIRECTION('center_axis',(0.,1.,0.));
#4189=DIRECTION('ref_axis',(-7.7715611723761E-16,0.,1.));
#4190=DIRECTION('center_axis',(0.,-1.,0.));
#4191=DIRECTION('ref_axis',(-7.7715611723761E-16,0.,1.));
#4192=DIRECTION('',(0.,-1.,-6.10072354100846E-33));
#4193=DIRECTION('center_axis',(1.,4.31019510860928E-49,-7.065055611251E-17));
#4194=DIRECTION('ref_axis',(7.065055611251E-17,0.,1.));
#4195=DIRECTION('',(-7.065055611251E-17,0.,-1.));
#4196=DIRECTION('',(7.065055611251E-17,0.,1.));
#4197=DIRECTION('',(0.,-1.,-6.10072354100846E-33));
#4198=DIRECTION('center_axis',(0.,-1.,-6.10072354100846E-33));
#4199=DIRECTION('ref_axis',(1.,-6.77316374210031E-48,1.11022302462516E-15));
#4200=DIRECTION('center_axis',(0.,1.,0.));
#4201=DIRECTION('ref_axis',(1.,0.,1.11022302462516E-15));
#4202=DIRECTION('center_axis',(0.,-1.,0.));
#4203=DIRECTION('ref_axis',(1.,0.,1.11022302462516E-15));
#4204=DIRECTION('',(0.,-1.,-6.10072354100846E-33));
#4205=DIRECTION('center_axis',(-1.2335811384724E-17,6.10072354100846E-33,
-1.));
#4206=DIRECTION('ref_axis',(1.,0.,-1.2335811384724E-17));
#4207=DIRECTION('',(-1.,0.,1.2335811384724E-17));
#4208=DIRECTION('',(1.,0.,-1.2335811384724E-17));
#4209=DIRECTION('',(0.,-1.,-6.10072354100846E-33));
#4210=DIRECTION('center_axis',(0.,-1.,-6.10072354100846E-33));
#4211=DIRECTION('ref_axis',(-3.55271367880049E-15,6.10072354100846E-33,
-1.));
#4212=DIRECTION('center_axis',(0.,1.,0.));
#4213=DIRECTION('ref_axis',(-3.55271367880049E-15,0.,-1.));
#4214=DIRECTION('center_axis',(0.,-1.,0.));
#4215=DIRECTION('ref_axis',(-3.55271367880049E-15,0.,-1.));
#4216=DIRECTION('center_axis',(-8.63506796930677E-17,1.,6.10072354100846E-33));
#4217=DIRECTION('ref_axis',(1.,8.63506796930677E-17,0.));
#4218=DIRECTION('center_axis',(-8.63506796930677E-17,1.,6.10072354100846E-33));
#4219=DIRECTION('ref_axis',(1.,8.63506796930677E-17,0.));
#4220=CARTESIAN_POINT('',(0.,0.,0.));
#4221=CARTESIAN_POINT('Origin',(0.4,9.,54.985));
#4222=CARTESIAN_POINT('',(0.4,8.,4.99999999999999));
#4223=CARTESIAN_POINT('',(0.4,8.,59.985));
#4224=CARTESIAN_POINT('',(0.4,8.,43.73875));
#4225=CARTESIAN_POINT('',(0.4,3.,4.99999999999999));
#4226=CARTESIAN_POINT('',(0.4,0.,4.99999999999999));
#4227=CARTESIAN_POINT('',(0.4,3.,59.985));
#4228=CARTESIAN_POINT('',(0.399999999999995,3.,59.985));
#4229=CARTESIAN_POINT('',(0.399999999999995,0.,59.985));
#4230=CARTESIAN_POINT('Origin',(-4.9960036108132E-15,8.,59.985));
#4231=CARTESIAN_POINT('',(0.,3.,59.985));
#4232=CARTESIAN_POINT('',(0.,8.,59.985));
#4233=CARTESIAN_POINT('',(-4.9960036108132E-15,0.,59.985));
#4234=CARTESIAN_POINT('',(-24.9955,8.,59.985));
#4235=CARTESIAN_POINT('',(0.,3.,59.985));
#4236=CARTESIAN_POINT('Origin',(-5.55111512312578E-16,3.,4.99999999999999));
#4237=CARTESIAN_POINT('',(0.,3.,4.99999999999999));
#4238=CARTESIAN_POINT('',(0.,8.,4.99999999999999));
#4239=CARTESIAN_POINT('',(-5.55111512312578E-16,0.,4.99999999999999));
#4240=CARTESIAN_POINT('',(0.,3.,4.99999999999999));
#4241=CARTESIAN_POINT('',(-24.9955,8.,4.99999999999999));
#4242=CARTESIAN_POINT('Origin',(-49.991,8.,32.4925));
#4243=CARTESIAN_POINT('',(-5.,8.,69.985));
#4244=CARTESIAN_POINT('',(5.,8.,59.985));
#4245=CARTESIAN_POINT('Origin',(-5.,8.,59.985));
#4246=CARTESIAN_POINT('',(5.,8.,4.99999999999999));
#4247=CARTESIAN_POINT('',(4.99999999999999,8.,59.985));
#4248=CARTESIAN_POINT('',(-5.,8.,-5.));
#4249=CARTESIAN_POINT('Origin',(-4.99999999999999,8.,4.99999999999999));
#4250=CARTESIAN_POINT('',(-94.982,8.,-5.));
#4251=CARTESIAN_POINT('',(-5.,8.,-5.));
#4252=CARTESIAN_POINT('',(-104.982,8.,4.99999999999998));
#4253=CARTESIAN_POINT('Origin',(-94.982,8.,5.00000000000001));
#4254=CARTESIAN_POINT('',(-104.982,8.,59.985));
#4255=CARTESIAN_POINT('',(-104.982,8.,4.99999999999999));
#4256=CARTESIAN_POINT('',(-94.982,8.,69.985));
#4257=CARTESIAN_POINT('Origin',(-94.982,8.,59.985));
#4258=CARTESIAN_POINT('',(-94.982,8.,69.985));
#4259=CARTESIAN_POINT('',(-5.,8.,64.985));
#4260=CARTESIAN_POINT('Origin',(-5.,8.,59.985));
#4261=CARTESIAN_POINT('',(-5.,8.,65.385));
#4262=CARTESIAN_POINT('',(-5.,8.,48.73875));
#4263=CARTESIAN_POINT('',(-94.982,8.,65.385));
#4264=CARTESIAN_POINT('',(-69.98956491975,8.,65.385));
#4265=CARTESIAN_POINT('',(-94.982,8.,64.985));
#4266=CARTESIAN_POINT('',(-94.982,8.,48.73875));
#4267=CARTESIAN_POINT('',(-99.982,8.,59.985));
#4268=CARTESIAN_POINT('Origin',(-94.982,8.,59.985));
#4269=CARTESIAN_POINT('',(-100.382,8.,59.985));
#4270=CARTESIAN_POINT('',(-74.9865,8.,59.985));
#4271=CARTESIAN_POINT('',(-100.382,8.,5.));
#4272=CARTESIAN_POINT('',(-100.382,8.,46.23875));
#4273=CARTESIAN_POINT('',(-99.982,8.,5.));
#4274=CARTESIAN_POINT('',(-74.9865,8.,5.));
#4275=CARTESIAN_POINT('',(-94.982,8.,0.));
#4276=CARTESIAN_POINT('Origin',(-94.982,8.,5.00000000000001));
#4277=CARTESIAN_POINT('',(-94.982,8.,-0.4));
#4278=CARTESIAN_POINT('',(-94.982,8.,16.24625));
#4279=CARTESIAN_POINT('',(-5.,8.,-0.4));
#4280=CARTESIAN_POINT('',(-72.4865,8.,-0.4));
#4281=CARTESIAN_POINT('',(-5.,8.,0.));
#4282=CARTESIAN_POINT('',(-5.,8.,16.24625));
#4283=CARTESIAN_POINT('Origin',(-4.99999999999999,8.,4.99999999999999));
#4284=CARTESIAN_POINT('Origin',(-5.,8.,0.));
#4285=CARTESIAN_POINT('',(-5.,3.,0.));
#4286=CARTESIAN_POINT('',(-5.,0.,0.));
#4287=CARTESIAN_POINT('',(-5.,3.,-0.4));
#4288=CARTESIAN_POINT('',(-5.,0.,-0.4));
#4289=CARTESIAN_POINT('',(-5.,3.,0.));
#4290=CARTESIAN_POINT('Origin',(-94.982,3.,0.));
#4291=CARTESIAN_POINT('',(-94.982,3.,0.));
#4292=CARTESIAN_POINT('',(-94.982,0.,0.));
#4293=CARTESIAN_POINT('',(-94.982,3.,-0.4));
#4294=CARTESIAN_POINT('',(-94.982,3.,0.));
#4295=CARTESIAN_POINT('',(-94.982,0.,-0.4));
#4296=CARTESIAN_POINT('Origin',(-94.982,0.,-0.4));
#4297=CARTESIAN_POINT('',(-5.,3.,-0.4));
#4298=CARTESIAN_POINT('Origin',(-99.982,8.,5.));
#4299=CARTESIAN_POINT('',(-99.982,3.,5.));
#4300=CARTESIAN_POINT('',(-99.982,0.,5.));
#4301=CARTESIAN_POINT('',(-100.382,3.,5.));
#4302=CARTESIAN_POINT('',(-100.382,0.,5.));
#4303=CARTESIAN_POINT('',(-99.982,3.,5.));
#4304=CARTESIAN_POINT('Origin',(-99.982,3.,59.985));
#4305=CARTESIAN_POINT('',(-99.982,3.,59.985));
#4306=CARTESIAN_POINT('',(-99.982,0.,59.985));
#4307=CARTESIAN_POINT('',(-100.382,3.,59.985));
#4308=CARTESIAN_POINT('',(-99.982,3.,59.985));
#4309=CARTESIAN_POINT('',(-100.382,0.,59.985));
#4310=CARTESIAN_POINT('Origin',(-100.382,0.,59.985));
#4311=CARTESIAN_POINT('',(-100.382,3.,5.));
#4312=CARTESIAN_POINT('Origin',(-89.9881298395,9.,65.385));
#4313=CARTESIAN_POINT('',(-5.,3.,65.385));
#4314=CARTESIAN_POINT('',(-5.,0.,65.385));
#4315=CARTESIAN_POINT('',(-94.982,3.,65.385));
#4316=CARTESIAN_POINT('',(-94.982,3.,65.385));
#4317=CARTESIAN_POINT('',(-94.982,0.,65.385));
#4318=CARTESIAN_POINT('Origin',(-94.982,8.,64.985));
#4319=CARTESIAN_POINT('',(-94.982,3.,64.985));
#4320=CARTESIAN_POINT('',(-94.982,0.,64.985));
#4321=CARTESIAN_POINT('',(-94.982,3.,64.985));
#4322=CARTESIAN_POINT('Origin',(-5.,3.,64.985));
#4323=CARTESIAN_POINT('',(-5.,3.,64.985));
#4324=CARTESIAN_POINT('',(-5.,0.,64.985));
#4325=CARTESIAN_POINT('',(-5.,3.,64.985));
#4326=CARTESIAN_POINT('Origin',(-5.,0.,59.985));
#4327=CARTESIAN_POINT('Origin',(-5.,3.,59.985));
#4328=CARTESIAN_POINT('Origin',(-94.982,0.,59.985));
#4329=CARTESIAN_POINT('Origin',(-94.982,3.,59.985));
#4330=CARTESIAN_POINT('Origin',(-4.99999999999999,0.,4.99999999999999));
#4331=CARTESIAN_POINT('Origin',(-4.99999999999999,3.,4.99999999999999));
#4332=CARTESIAN_POINT('Origin',(-94.982,0.,5.00000000000001));
#4333=CARTESIAN_POINT('Origin',(-94.982,3.,5.00000000000001));
#4334=CARTESIAN_POINT('Origin',(-94.982,0.,69.985));
#4335=CARTESIAN_POINT('',(-94.982,0.,69.985));
#4336=CARTESIAN_POINT('',(-5.,0.,69.985));
#4337=CARTESIAN_POINT('',(-94.982,0.,69.985));
#4338=CARTESIAN_POINT('',(-5.,0.,69.985));
#4339=CARTESIAN_POINT('',(-94.982,0.,69.985));
#4340=CARTESIAN_POINT('Origin',(-94.982,0.,59.985));
#4341=CARTESIAN_POINT('',(-104.982,0.,59.985));
#4342=CARTESIAN_POINT('Origin',(-94.982,0.,59.985));
#4343=CARTESIAN_POINT('',(-104.982,0.,59.985));
#4344=CARTESIAN_POINT('Origin',(-104.982,0.,4.99999999999999));
#4345=CARTESIAN_POINT('',(-104.982,0.,4.99999999999999));
#4346=CARTESIAN_POINT('',(-104.982,0.,4.99999999999999));
#4347=CARTESIAN_POINT('',(-104.982,0.,4.99999999999999));
#4348=CARTESIAN_POINT('Origin',(-94.982,0.,5.00000000000001));
#4349=CARTESIAN_POINT('',(-94.982,0.,-5.));
#4350=CARTESIAN_POINT('Origin',(-94.982,0.,5.00000000000001));
#4351=CARTESIAN_POINT('',(-94.982,0.,-5.));
#4352=CARTESIAN_POINT('Origin',(-5.,0.,-5.));
#4353=CARTESIAN_POINT('',(-5.,0.,-5.));
#4354=CARTESIAN_POINT('',(-5.,0.,-5.));
#4355=CARTESIAN_POINT('',(-5.,0.,-5.));
#4356=CARTESIAN_POINT('Origin',(-4.99999999999999,0.,4.99999999999999));
#4357=CARTESIAN_POINT('',(5.,0.,4.99999999999999));
#4358=CARTESIAN_POINT('Origin',(-4.99999999999999,0.,4.99999999999999));
#4359=CARTESIAN_POINT('',(5.,0.,4.99999999999999));
#4360=CARTESIAN_POINT('Origin',(4.99999999999999,0.,59.985));
#4361=CARTESIAN_POINT('',(4.99999999999999,0.,59.985));
#4362=CARTESIAN_POINT('',(4.99999999999999,0.,59.985));
#4363=CARTESIAN_POINT('',(4.99999999999999,0.,59.985));
#4364=CARTESIAN_POINT('Origin',(-5.,0.,59.985));
#4365=CARTESIAN_POINT('Origin',(-5.,0.,59.985));
#4366=CARTESIAN_POINT('Origin',(-4.99999999999999,0.,4.99999999999999));
#4367=CARTESIAN_POINT('',(-6.7,3.,4.99999999999999));
#4368=CARTESIAN_POINT('Origin',(-4.99999999999999,3.,4.99999999999999));
#4369=CARTESIAN_POINT('',(-6.7,0.,4.99999999999999));
#4370=CARTESIAN_POINT('',(-6.7,0.,4.99999999999999));
#4371=CARTESIAN_POINT('Origin',(-4.99999999999999,0.,4.99999999999999));
#4372=CARTESIAN_POINT('Origin',(-94.982,0.,59.985));
#4373=CARTESIAN_POINT('',(-96.682,3.,59.985));
#4374=CARTESIAN_POINT('Origin',(-94.982,3.,59.985));
#4375=CARTESIAN_POINT('',(-96.682,0.,59.985));
#4376=CARTESIAN_POINT('',(-96.682,0.,59.985));
#4377=CARTESIAN_POINT('Origin',(-94.982,0.,59.985));
#4378=CARTESIAN_POINT('Origin',(-5.,0.,59.985));
#4379=CARTESIAN_POINT('',(-6.7,3.,59.985));
#4380=CARTESIAN_POINT('Origin',(-5.,3.,59.985));
#4381=CARTESIAN_POINT('',(-6.69999999999999,0.,59.985));
#4382=CARTESIAN_POINT('',(-6.69999999999999,0.,59.985));
#4383=CARTESIAN_POINT('Origin',(-5.,0.,59.985));
#4384=CARTESIAN_POINT('Origin',(-94.982,0.,5.00000000000001));
#4385=CARTESIAN_POINT('',(-96.682,3.,5.00000000000001));
#4386=CARTESIAN_POINT('Origin',(-94.982,3.,5.00000000000001));
#4387=CARTESIAN_POINT('',(-96.682,0.,5.00000000000001));
#4388=CARTESIAN_POINT('',(-96.682,0.,5.00000000000001));
#4389=CARTESIAN_POINT('Origin',(-94.982,0.,5.00000000000001));
#4390=CARTESIAN_POINT('Origin',(-49.991,3.,32.4925));
#4391=CARTESIAN_POINT('Origin',(-49.991,0.,32.4925));
#4392=CARTESIAN_POINT('Origin',(0.4,9.,54.985));
#4393=CARTESIAN_POINT('',(0.4,8.00000000000086,54.985));
#4394=CARTESIAN_POINT('',(0.4,8.,10.));
#4395=CARTESIAN_POINT('',(0.4,8.,43.73875));
#4396=CARTESIAN_POINT('',(0.4,11.0000000000009,54.985));
#4397=CARTESIAN_POINT('',(0.4,9.00000000000086,54.985));
#4398=CARTESIAN_POINT('',(0.4,11.,10.));
#4399=CARTESIAN_POINT('',(0.4,11.,21.24625));
#4400=CARTESIAN_POINT('',(0.4,9.,10.));
#4401=CARTESIAN_POINT('Origin',(-49.991,8.,32.4925));
#4402=CARTESIAN_POINT('',(5.,8.,4.99999999999999));
#4403=CARTESIAN_POINT('',(5.,8.,59.985));
#4404=CARTESIAN_POINT('',(4.99999999999999,8.,59.985));
#4405=CARTESIAN_POINT('',(-5.,8.,69.985));
#4406=CARTESIAN_POINT('Origin',(-5.,8.,59.985));
#4407=CARTESIAN_POINT('',(-94.982,8.,69.985));
#4408=CARTESIAN_POINT('',(-94.982,8.,69.985));
#4409=CARTESIAN_POINT('',(-104.982,8.,59.985));
#4410=CARTESIAN_POINT('Origin',(-94.982,8.,59.985));
#4411=CARTESIAN_POINT('',(-104.982,8.,4.99999999999998));
#4412=CARTESIAN_POINT('',(-104.982,8.,4.99999999999999));
#4413=CARTESIAN_POINT('',(-94.982,8.,-5.));
#4414=CARTESIAN_POINT('Origin',(-94.982,8.,5.00000000000001));
#4415=CARTESIAN_POINT('',(-5.,8.,-5.));
#4416=CARTESIAN_POINT('',(-5.,8.,-5.));
#4417=CARTESIAN_POINT('Origin',(-4.99999999999999,8.,4.99999999999999));
#4418=CARTESIAN_POINT('',(-5.,8.,10.));
#4419=CARTESIAN_POINT('',(-24.9955,8.,10.));
#4420=CARTESIAN_POINT('',(-10.,8.,5.));
#4421=CARTESIAN_POINT('Origin',(-5.00000000000001,8.,5.00000000000001));
#4422=CARTESIAN_POINT('',(-10.,8.,-0.4));
#4423=CARTESIAN_POINT('',(-10.,8.,0.));
#4424=CARTESIAN_POINT('',(-89.982,8.00000000000104,-0.4));
#4425=CARTESIAN_POINT('',(-72.4865,8.,-0.4));
#4426=CARTESIAN_POINT('',(-89.982,8.00000000000104,5.));
#4427=CARTESIAN_POINT('',(-89.982,8.,16.24625));
#4428=CARTESIAN_POINT('',(-94.982,8.00000000000104,10.));
#4429=CARTESIAN_POINT('Origin',(-94.982,8.00000000000104,4.99999999999999));
#4430=CARTESIAN_POINT('',(-100.382,8.00000000000104,10.));
#4431=CARTESIAN_POINT('',(-94.982,8.00000000000104,10.));
#4432=CARTESIAN_POINT('',(-100.382,8.00000000000086,54.985));
#4433=CARTESIAN_POINT('',(-100.382,8.,46.23875));
#4434=CARTESIAN_POINT('',(-94.9881298395,8.00000000000086,54.985));
#4435=CARTESIAN_POINT('',(-74.9865,8.,54.985));
#4436=CARTESIAN_POINT('',(-89.9881298395,8.00000000000086,59.985));
#4437=CARTESIAN_POINT('Origin',(-94.9881298395,8.00000000000086,59.985));
#4438=CARTESIAN_POINT('',(-89.9881298395,8.00000000000086,65.385));
#4439=CARTESIAN_POINT('',(-89.9881298395,8.00000000000086,64.985));
#4440=CARTESIAN_POINT('',(-10.,8.00000000000086,65.385));
#4441=CARTESIAN_POINT('',(-69.98956491975,8.,65.385));
#4442=CARTESIAN_POINT('',(-10.,8.00000000000086,59.985));
#4443=CARTESIAN_POINT('',(-10.,8.,48.73875));
#4444=CARTESIAN_POINT('',(-5.,8.00000000000086,54.985));
#4445=CARTESIAN_POINT('Origin',(-5.,8.00000000000086,59.985));
#4446=CARTESIAN_POINT('',(-5.,8.00000000000086,54.985));
#4447=CARTESIAN_POINT('',(-94.982,8.,2.64999999999998));
#4448=CARTESIAN_POINT('Origin',(-94.982,8.,4.99999999999998));
#4449=CARTESIAN_POINT('',(-94.982,8.,57.635));
#4450=CARTESIAN_POINT('Origin',(-94.982,8.,59.985));
#4451=CARTESIAN_POINT('',(-5.,8.,57.635));
#4452=CARTESIAN_POINT('Origin',(-5.,8.,59.985));
#4453=CARTESIAN_POINT('',(-5.,8.,2.64999999999999));
#4454=CARTESIAN_POINT('Origin',(-4.99999999999999,8.,4.99999999999999));
#4455=CARTESIAN_POINT('Origin',(-94.982,0.,-0.4));
#4456=CARTESIAN_POINT('',(-10.,11.,-0.4));
#4457=CARTESIAN_POINT('',(-10.,9.,-0.4));
#4458=CARTESIAN_POINT('',(-64.8484309042983,11.,-0.4));
#4459=CARTESIAN_POINT('',(-69.9865,11.,-0.4));
#4460=CARTESIAN_POINT('',(-64.8484309042983,14.,-0.4));
#4461=CARTESIAN_POINT('',(-64.8484309042983,11.,-0.4));
#4462=CARTESIAN_POINT('',(-89.982,14.,-0.400000000000009));
#4463=CARTESIAN_POINT('',(-72.4865,14.,-0.4));
#4464=CARTESIAN_POINT('',(-89.982,9.00000000000104,-0.4));
#4465=CARTESIAN_POINT('Origin',(-64.8484309042983,14.,0.));
#4466=CARTESIAN_POINT('',(-64.8484309042983,11.,0.));
#4467=CARTESIAN_POINT('',(-64.8484309042983,14.,0.));
#4468=CARTESIAN_POINT('',(-64.8484309042983,11.,0.));
#4469=CARTESIAN_POINT('',(-64.8484309042983,14.,16.24625));
#4470=CARTESIAN_POINT('',(-64.8484309042983,11.,0.));
#4471=CARTESIAN_POINT('Origin',(-100.382,0.,59.985));
#4472=CARTESIAN_POINT('',(-100.382,14.,10.));
#4473=CARTESIAN_POINT('',(-100.382,9.00000000000104,10.));
#4474=CARTESIAN_POINT('',(-100.382,14.,54.985));
#4475=CARTESIAN_POINT('',(-100.382,14.,46.23875));
#4476=CARTESIAN_POINT('',(-100.382,9.00000000000086,54.985));
#4477=CARTESIAN_POINT('Origin',(-64.4538150587914,11.,64.985));
#4478=CARTESIAN_POINT('',(-64.4538150587914,11.,64.985));
#4479=CARTESIAN_POINT('',(-64.4538150587914,14.,64.985));
#4480=CARTESIAN_POINT('',(-64.4538150587914,11.,64.985));
#4481=CARTESIAN_POINT('',(-64.4538150587914,11.,65.385));
#4482=CARTESIAN_POINT('',(-64.4538150587914,11.,64.985));
#4483=CARTESIAN_POINT('',(-64.4538150587914,14.,65.385));
#4484=CARTESIAN_POINT('',(-64.4538150587914,11.,65.385));
#4485=CARTESIAN_POINT('',(-64.4538150587914,14.,48.73875));
#4486=CARTESIAN_POINT('Origin',(-89.9881298395,9.,65.385));
#4487=CARTESIAN_POINT('',(-89.9881298395,14.,65.385));
#4488=CARTESIAN_POINT('',(-89.9881298395,9.00000000000086,65.385));
#4489=CARTESIAN_POINT('',(-69.98956491975,14.,65.385));
#4490=CARTESIAN_POINT('',(-10.,11.0000000000009,65.385));
#4491=CARTESIAN_POINT('',(-29.9955,11.,65.385));
#4492=CARTESIAN_POINT('',(-10.,9.00000000000086,65.385));
#4493=CARTESIAN_POINT('Origin',(-49.991,14.,32.4925));
#4494=CARTESIAN_POINT('',(-5.,14.,-5.00000000000001));
#4495=CARTESIAN_POINT('',(-94.982,14.,-5.00000000000001));
#4496=CARTESIAN_POINT('',(-5.,14.,-5.00000000000001));
#4497=CARTESIAN_POINT('',(-104.982,14.,4.99999999999998));
#4498=CARTESIAN_POINT('Origin',(-94.982,14.,5.00000000000001));
#4499=CARTESIAN_POINT('',(-104.982,14.,59.985));
#4500=CARTESIAN_POINT('',(-104.982,14.,4.99999999999998));
#4501=CARTESIAN_POINT('',(-94.982,14.,69.985));
#4502=CARTESIAN_POINT('Origin',(-94.982,14.,59.985));
#4503=CARTESIAN_POINT('',(-5.,14.,69.985));
#4504=CARTESIAN_POINT('',(-94.982,14.,69.985));
#4505=CARTESIAN_POINT('',(5.,14.,59.985));
#4506=CARTESIAN_POINT('Origin',(-5.,14.,59.985));
#4507=CARTESIAN_POINT('',(5.,14.,4.99999999999999));
#4508=CARTESIAN_POINT('',(4.99999999999999,14.,59.985));
#4509=CARTESIAN_POINT('Origin',(-4.99999999999999,14.,4.99999999999999));
#4510=CARTESIAN_POINT('',(-24.375,14.,25.985));
#4511=CARTESIAN_POINT('',(-23.875,14.,25.485));
#4512=CARTESIAN_POINT('Origin',(-23.875,14.,25.985));
#4513=CARTESIAN_POINT('',(-10.875,14.,25.485));
#4514=CARTESIAN_POINT('',(-23.875,14.,25.485));
#4515=CARTESIAN_POINT('',(-10.375,14.,25.985));
#4516=CARTESIAN_POINT('Origin',(-10.875,14.,25.985));
#4517=CARTESIAN_POINT('',(-10.375,14.,38.985));
#4518=CARTESIAN_POINT('',(-10.375,14.,25.985));
#4519=CARTESIAN_POINT('',(-10.875,14.,39.485));
#4520=CARTESIAN_POINT('Origin',(-10.875,14.,38.985));
#4521=CARTESIAN_POINT('',(-23.875,14.,39.485));
#4522=CARTESIAN_POINT('',(-23.875,14.,39.485));
#4523=CARTESIAN_POINT('',(-24.375,14.,38.985));
#4524=CARTESIAN_POINT('Origin',(-23.875,14.,38.985));
#4525=CARTESIAN_POINT('',(-24.375,14.,25.985));
#4526=CARTESIAN_POINT('',(-62.475,14.,44.985));
#4527=CARTESIAN_POINT('',(-61.975,14.,44.485));
#4528=CARTESIAN_POINT('Origin',(-61.975,14.,44.985));
#4529=CARTESIAN_POINT('',(-48.975,14.,44.485));
#4530=CARTESIAN_POINT('',(-61.975,14.,44.485));
#4531=CARTESIAN_POINT('',(-48.475,14.,44.985));
#4532=CARTESIAN_POINT('Origin',(-48.975,14.,44.985));
#4533=CARTESIAN_POINT('',(-48.475,14.,57.985));
#4534=CARTESIAN_POINT('',(-48.475,14.,44.985));
#4535=CARTESIAN_POINT('',(-48.975,14.,58.485));
#4536=CARTESIAN_POINT('Origin',(-48.975,14.,57.985));
#4537=CARTESIAN_POINT('',(-61.975,14.,58.485));
#4538=CARTESIAN_POINT('',(-61.975,14.,58.485));
#4539=CARTESIAN_POINT('',(-62.475,14.,57.985));
#4540=CARTESIAN_POINT('Origin',(-61.975,14.,57.985));
#4541=CARTESIAN_POINT('',(-62.475,14.,44.985));
#4542=CARTESIAN_POINT('',(-24.375,14.,6.985));
#4543=CARTESIAN_POINT('',(-23.875,14.,6.48499999999999));
#4544=CARTESIAN_POINT('Origin',(-23.875,14.,6.985));
#4545=CARTESIAN_POINT('',(-10.875,14.,6.485));
#4546=CARTESIAN_POINT('',(-23.875,14.,6.48499999999999));
#4547=CARTESIAN_POINT('',(-10.375,14.,6.985));
#4548=CARTESIAN_POINT('Origin',(-10.875,14.,6.985));
#4549=CARTESIAN_POINT('',(-10.375,14.,19.985));
#4550=CARTESIAN_POINT('',(-10.375,14.,6.985));
#4551=CARTESIAN_POINT('',(-10.875,14.,20.485));
#4552=CARTESIAN_POINT('Origin',(-10.875,14.,19.985));
#4553=CARTESIAN_POINT('',(-23.875,14.,20.485));
#4554=CARTESIAN_POINT('',(-23.875,14.,20.485));
#4555=CARTESIAN_POINT('',(-24.375,14.,19.985));
#4556=CARTESIAN_POINT('Origin',(-23.875,14.,19.985));
#4557=CARTESIAN_POINT('',(-24.375,14.,6.985));
#4558=CARTESIAN_POINT('',(-62.475,14.,25.985));
#4559=CARTESIAN_POINT('',(-61.975,14.,25.485));
#4560=CARTESIAN_POINT('Origin',(-61.975,14.,25.985));
#4561=CARTESIAN_POINT('',(-48.975,14.,25.485));
#4562=CARTESIAN_POINT('',(-61.975,14.,25.485));
#4563=CARTESIAN_POINT('',(-48.475,14.,25.985));
#4564=CARTESIAN_POINT('Origin',(-48.975,14.,25.985));
#4565=CARTESIAN_POINT('',(-48.475,14.,38.985));
#4566=CARTESIAN_POINT('',(-48.475,14.,25.985));
#4567=CARTESIAN_POINT('',(-48.975,14.,39.485));
#4568=CARTESIAN_POINT('Origin',(-48.975,14.,38.985));
#4569=CARTESIAN_POINT('',(-61.975,14.,39.485));
#4570=CARTESIAN_POINT('',(-61.975,14.,39.485));
#4571=CARTESIAN_POINT('',(-62.475,14.,38.985));
#4572=CARTESIAN_POINT('Origin',(-61.975,14.,38.985));
#4573=CARTESIAN_POINT('',(-62.475,14.,25.985));
#4574=CARTESIAN_POINT('',(-62.475,14.,6.985));
#4575=CARTESIAN_POINT('',(-61.975,14.,6.48499999999999));
#4576=CARTESIAN_POINT('Origin',(-61.975,14.,6.985));
#4577=CARTESIAN_POINT('',(-48.975,14.,6.485));
#4578=CARTESIAN_POINT('',(-61.975,14.,6.48499999999999));
#4579=CARTESIAN_POINT('',(-48.475,14.,6.985));
#4580=CARTESIAN_POINT('Origin',(-48.975,14.,6.985));
#4581=CARTESIAN_POINT('',(-48.475,14.,19.985));
#4582=CARTESIAN_POINT('',(-48.475,14.,6.985));
#4583=CARTESIAN_POINT('',(-48.975,14.,20.485));
#4584=CARTESIAN_POINT('Origin',(-48.975,14.,19.985));
#4585=CARTESIAN_POINT('',(-61.975,14.,20.485));
#4586=CARTESIAN_POINT('',(-61.975,14.,20.485));
#4587=CARTESIAN_POINT('',(-62.475,14.,19.985));
#4588=CARTESIAN_POINT('Origin',(-61.975,14.,19.985));
#4589=CARTESIAN_POINT('',(-62.475,14.,6.985));
#4590=CARTESIAN_POINT('',(-43.425,14.,44.985));
#4591=CARTESIAN_POINT('',(-42.925,14.,44.485));
#4592=CARTESIAN_POINT('Origin',(-42.925,14.,44.985));
#4593=CARTESIAN_POINT('',(-29.925,14.,44.485));
#4594=CARTESIAN_POINT('',(-42.925,14.,44.485));
#4595=CARTESIAN_POINT('',(-29.425,14.,44.985));
#4596=CARTESIAN_POINT('Origin',(-29.925,14.,44.985));
#4597=CARTESIAN_POINT('',(-29.425,14.,57.985));
#4598=CARTESIAN_POINT('',(-29.425,14.,44.985));
#4599=CARTESIAN_POINT('',(-29.925,14.,58.485));
#4600=CARTESIAN_POINT('Origin',(-29.925,14.,57.985));
#4601=CARTESIAN_POINT('',(-42.925,14.,58.485));
#4602=CARTESIAN_POINT('',(-42.925,14.,58.485));
#4603=CARTESIAN_POINT('',(-43.425,14.,57.985));
#4604=CARTESIAN_POINT('Origin',(-42.925,14.,57.985));
#4605=CARTESIAN_POINT('',(-43.425,14.,44.985));
#4606=CARTESIAN_POINT('',(-43.425,14.,25.985));
#4607=CARTESIAN_POINT('',(-42.925,14.,25.485));
#4608=CARTESIAN_POINT('Origin',(-42.925,14.,25.985));
#4609=CARTESIAN_POINT('',(-29.925,14.,25.485));
#4610=CARTESIAN_POINT('',(-42.925,14.,25.485));
#4611=CARTESIAN_POINT('',(-29.425,14.,25.985));
#4612=CARTESIAN_POINT('Origin',(-29.925,14.,25.985));
#4613=CARTESIAN_POINT('',(-29.425,14.,38.985));
#4614=CARTESIAN_POINT('',(-29.425,14.,25.985));
#4615=CARTESIAN_POINT('',(-29.925,14.,39.485));
#4616=CARTESIAN_POINT('Origin',(-29.925,14.,38.985));
#4617=CARTESIAN_POINT('',(-42.925,14.,39.485));
#4618=CARTESIAN_POINT('',(-42.925,14.,39.485));
#4619=CARTESIAN_POINT('',(-43.425,14.,38.985));
#4620=CARTESIAN_POINT('Origin',(-42.925,14.,38.985));
#4621=CARTESIAN_POINT('',(-43.425,14.,25.985));
#4622=CARTESIAN_POINT('',(-43.425,14.,6.985));
#4623=CARTESIAN_POINT('',(-42.925,14.,6.48499999999999));
#4624=CARTESIAN_POINT('Origin',(-42.925,14.,6.985));
#4625=CARTESIAN_POINT('',(-29.925,14.,6.48499999999999));
#4626=CARTESIAN_POINT('',(-42.925,14.,6.48499999999999));
#4627=CARTESIAN_POINT('',(-29.425,14.,6.985));
#4628=CARTESIAN_POINT('Origin',(-29.925,14.,6.985));
#4629=CARTESIAN_POINT('',(-29.425,14.,19.985));
#4630=CARTESIAN_POINT('',(-29.425,14.,6.985));
#4631=CARTESIAN_POINT('',(-29.925,14.,20.485));
#4632=CARTESIAN_POINT('Origin',(-29.925,14.,19.985));
#4633=CARTESIAN_POINT('',(-42.925,14.,20.485));
#4634=CARTESIAN_POINT('',(-42.925,14.,20.485));
#4635=CARTESIAN_POINT('',(-43.425,14.,19.985));
#4636=CARTESIAN_POINT('Origin',(-42.925,14.,19.985));
#4637=CARTESIAN_POINT('',(-43.425,14.,6.985));
#4638=CARTESIAN_POINT('',(-24.375,14.,44.985));
#4639=CARTESIAN_POINT('',(-23.875,14.,44.485));
#4640=CARTESIAN_POINT('Origin',(-23.875,14.,44.985));
#4641=CARTESIAN_POINT('',(-10.875,14.,44.485));
#4642=CARTESIAN_POINT('',(-23.875,14.,44.485));
#4643=CARTESIAN_POINT('',(-10.375,14.,44.985));
#4644=CARTESIAN_POINT('Origin',(-10.875,14.,44.985));
#4645=CARTESIAN_POINT('',(-10.375,14.,57.985));
#4646=CARTESIAN_POINT('',(-10.375,14.,44.985));
#4647=CARTESIAN_POINT('',(-10.875,14.,58.485));
#4648=CARTESIAN_POINT('Origin',(-10.875,14.,57.985));
#4649=CARTESIAN_POINT('',(-23.875,14.,58.485));
#4650=CARTESIAN_POINT('',(-23.875,14.,58.485));
#4651=CARTESIAN_POINT('',(-24.375,14.,57.985));
#4652=CARTESIAN_POINT('Origin',(-23.875,14.,57.985));
#4653=CARTESIAN_POINT('',(-24.375,14.,44.985));
#4654=CARTESIAN_POINT('',(-64.4538150587914,14.,64.985));
#4655=CARTESIAN_POINT('',(-89.9881298395,14.0000000000009,59.985));
#4656=CARTESIAN_POINT('',(-89.9881298395,14.,48.73875));
#4657=CARTESIAN_POINT('',(-94.9881298395,14.0000000000009,54.985));
#4658=CARTESIAN_POINT('Origin',(-94.9881298395,14.0000000000009,59.985));
#4659=CARTESIAN_POINT('',(-94.9881298395,14.0000000000009,54.985));
#4660=CARTESIAN_POINT('',(-94.982,14.000000000001,10.));
#4661=CARTESIAN_POINT('',(-74.9865,14.,10.));
#4662=CARTESIAN_POINT('',(-89.982,14.000000000001,5.));
#4663=CARTESIAN_POINT('Origin',(-94.982,14.000000000001,4.99999999999998));
#4664=CARTESIAN_POINT('',(-89.982,14.000000000001,-4.65365783676045E-15));
#4665=CARTESIAN_POINT('Origin',(-4.99999999999999,9.5,4.99999999999999));
#4666=CARTESIAN_POINT('',(-4.99999999999999,12.,2.64999999999999));
#4667=CARTESIAN_POINT('Origin',(-4.99999999999999,12.,4.99999999999999));
#4668=CARTESIAN_POINT('',(-4.99999999999999,9.5,2.64999999999999));
#4669=CARTESIAN_POINT('Origin',(-4.99999999999999,12.,4.99999999999999));
#4670=CARTESIAN_POINT('Origin',(-5.,9.50000000000089,59.985));
#4671=CARTESIAN_POINT('',(-5.,12.0000000000009,57.635));
#4672=CARTESIAN_POINT('Origin',(-5.,12.0000000000009,59.985));
#4673=CARTESIAN_POINT('',(-5.,9.50000000000089,57.635));
#4674=CARTESIAN_POINT('Origin',(-5.,12.0000000000009,59.985));
#4675=CARTESIAN_POINT('Origin',(-94.982,9.50000000000003,59.985));
#4676=CARTESIAN_POINT('',(-94.982,12.,57.635));
#4677=CARTESIAN_POINT('Origin',(-94.982,12.,59.985));
#4678=CARTESIAN_POINT('',(-94.982,9.50000000000003,57.635));
#4679=CARTESIAN_POINT('Origin',(-94.982,12.,59.985));
#4680=CARTESIAN_POINT('Origin',(-94.982,9.50000000000104,4.99999999999998));
#4681=CARTESIAN_POINT('',(-94.982,12.000000000001,2.64999999999998));
#4682=CARTESIAN_POINT('Origin',(-94.982,12.000000000001,4.99999999999998));
#4683=CARTESIAN_POINT('',(-94.982,9.50000000000104,2.64999999999998));
#4684=CARTESIAN_POINT('Origin',(-94.982,12.000000000001,4.99999999999998));
#4685=CARTESIAN_POINT('Origin',(-49.991,11.,32.4925));
#4686=CARTESIAN_POINT('',(-64.4538150587914,11.,64.985));
#4687=CARTESIAN_POINT('',(-10.,11.,5.));
#4688=CARTESIAN_POINT('',(-10.,11.,16.24625));
#4689=CARTESIAN_POINT('',(-5.,11.,10.));
#4690=CARTESIAN_POINT('Origin',(-5.00000000000001,11.,5.00000000000001));
#4691=CARTESIAN_POINT('',(0.,11.,10.));
#4692=CARTESIAN_POINT('',(-5.,11.0000000000009,54.985));
#4693=CARTESIAN_POINT('',(-24.9955,11.,54.9849999999999));
#4694=CARTESIAN_POINT('',(-10.,11.0000000000009,59.985));
#4695=CARTESIAN_POINT('Origin',(-5.,11.,59.985));
#4696=CARTESIAN_POINT('',(-10.,11.0000000000009,64.985));
#4697=CARTESIAN_POINT('',(-24.375,11.,25.985));
#4698=CARTESIAN_POINT('',(-23.875,11.,25.485));
#4699=CARTESIAN_POINT('Origin',(-23.875,11.,25.985));
#4700=CARTESIAN_POINT('',(-24.375,11.,38.985));
#4701=CARTESIAN_POINT('',(-24.375,11.,25.985));
#4702=CARTESIAN_POINT('',(-23.875,11.,39.485));
#4703=CARTESIAN_POINT('Origin',(-23.875,11.,38.985));
#4704=CARTESIAN_POINT('',(-10.875,11.,39.485));
#4705=CARTESIAN_POINT('',(-23.875,11.,39.485));
#4706=CARTESIAN_POINT('',(-10.375,11.,38.985));
#4707=CARTESIAN_POINT('Origin',(-10.875,11.,38.985));
#4708=CARTESIAN_POINT('',(-10.375,11.,25.985));
#4709=CARTESIAN_POINT('',(-10.375,11.,25.985));
#4710=CARTESIAN_POINT('',(-10.875,11.,25.485));
#4711=CARTESIAN_POINT('Origin',(-10.875,11.,25.985));
#4712=CARTESIAN_POINT('',(-23.875,11.,25.485));
#4713=CARTESIAN_POINT('',(-62.475,11.,44.985));
#4714=CARTESIAN_POINT('',(-61.975,11.,44.485));
#4715=CARTESIAN_POINT('Origin',(-61.975,11.,44.985));
#4716=CARTESIAN_POINT('',(-62.475,11.,57.985));
#4717=CARTESIAN_POINT('',(-62.475,11.,44.985));
#4718=CARTESIAN_POINT('',(-61.975,11.,58.485));
#4719=CARTESIAN_POINT('Origin',(-61.975,11.,57.985));
#4720=CARTESIAN_POINT('',(-48.975,11.,58.485));
#4721=CARTESIAN_POINT('',(-61.975,11.,58.485));
#4722=CARTESIAN_POINT('',(-48.475,11.,57.985));
#4723=CARTESIAN_POINT('Origin',(-48.975,11.,57.985));
#4724=CARTESIAN_POINT('',(-48.475,11.,44.985));
#4725=CARTESIAN_POINT('',(-48.475,11.,44.985));
#4726=CARTESIAN_POINT('',(-48.975,11.,44.485));
#4727=CARTESIAN_POINT('Origin',(-48.975,11.,44.985));
#4728=CARTESIAN_POINT('',(-61.975,11.,44.485));
#4729=CARTESIAN_POINT('',(-24.375,11.,6.985));
#4730=CARTESIAN_POINT('',(-23.875,11.,6.48499999999999));
#4731=CARTESIAN_POINT('Origin',(-23.875,11.,6.985));
#4732=CARTESIAN_POINT('',(-24.375,11.,19.985));
#4733=CARTESIAN_POINT('',(-24.375,11.,6.985));
#4734=CARTESIAN_POINT('',(-23.875,11.,20.485));
#4735=CARTESIAN_POINT('Origin',(-23.875,11.,19.985));
#4736=CARTESIAN_POINT('',(-10.875,11.,20.485));
#4737=CARTESIAN_POINT('',(-23.875,11.,20.485));
#4738=CARTESIAN_POINT('',(-10.375,11.,19.985));
#4739=CARTESIAN_POINT('Origin',(-10.875,11.,19.985));
#4740=CARTESIAN_POINT('',(-10.375,11.,6.985));
#4741=CARTESIAN_POINT('',(-10.375,11.,6.985));
#4742=CARTESIAN_POINT('',(-10.875,11.,6.485));
#4743=CARTESIAN_POINT('Origin',(-10.875,11.,6.985));
#4744=CARTESIAN_POINT('',(-23.875,11.,6.48499999999999));
#4745=CARTESIAN_POINT('',(-62.475,11.,25.985));
#4746=CARTESIAN_POINT('',(-61.975,11.,25.485));
#4747=CARTESIAN_POINT('Origin',(-61.975,11.,25.985));
#4748=CARTESIAN_POINT('',(-62.475,11.,38.985));
#4749=CARTESIAN_POINT('',(-62.475,11.,25.985));
#4750=CARTESIAN_POINT('',(-61.975,11.,39.485));
#4751=CARTESIAN_POINT('Origin',(-61.975,11.,38.985));
#4752=CARTESIAN_POINT('',(-48.975,11.,39.485));
#4753=CARTESIAN_POINT('',(-61.975,11.,39.485));
#4754=CARTESIAN_POINT('',(-48.475,11.,38.985));
#4755=CARTESIAN_POINT('Origin',(-48.975,11.,38.985));
#4756=CARTESIAN_POINT('',(-48.475,11.,25.985));
#4757=CARTESIAN_POINT('',(-48.475,11.,25.985));
#4758=CARTESIAN_POINT('',(-48.975,11.,25.485));
#4759=CARTESIAN_POINT('Origin',(-48.975,11.,25.985));
#4760=CARTESIAN_POINT('',(-61.975,11.,25.485));
#4761=CARTESIAN_POINT('',(-62.475,11.,6.985));
#4762=CARTESIAN_POINT('',(-61.975,11.,6.48499999999999));
#4763=CARTESIAN_POINT('Origin',(-61.975,11.,6.985));
#4764=CARTESIAN_POINT('',(-62.475,11.,19.985));
#4765=CARTESIAN_POINT('',(-62.475,11.,6.985));
#4766=CARTESIAN_POINT('',(-61.975,11.,20.485));
#4767=CARTESIAN_POINT('Origin',(-61.975,11.,19.985));
#4768=CARTESIAN_POINT('',(-48.975,11.,20.485));
#4769=CARTESIAN_POINT('',(-61.975,11.,20.485));
#4770=CARTESIAN_POINT('',(-48.475,11.,19.985));
#4771=CARTESIAN_POINT('Origin',(-48.975,11.,19.985));
#4772=CARTESIAN_POINT('',(-48.475,11.,6.985));
#4773=CARTESIAN_POINT('',(-48.475,11.,6.985));
#4774=CARTESIAN_POINT('',(-48.975,11.,6.485));
#4775=CARTESIAN_POINT('Origin',(-48.975,11.,6.985));
#4776=CARTESIAN_POINT('',(-61.975,11.,6.48499999999999));
#4777=CARTESIAN_POINT('',(-43.425,11.,44.985));
#4778=CARTESIAN_POINT('',(-42.925,11.,44.485));
#4779=CARTESIAN_POINT('Origin',(-42.925,11.,44.985));
#4780=CARTESIAN_POINT('',(-43.425,11.,57.985));
#4781=CARTESIAN_POINT('',(-43.425,11.,44.985));
#4782=CARTESIAN_POINT('',(-42.925,11.,58.485));
#4783=CARTESIAN_POINT('Origin',(-42.925,11.,57.985));
#4784=CARTESIAN_POINT('',(-29.925,11.,58.485));
#4785=CARTESIAN_POINT('',(-42.925,11.,58.485));
#4786=CARTESIAN_POINT('',(-29.425,11.,57.985));
#4787=CARTESIAN_POINT('Origin',(-29.925,11.,57.985));
#4788=CARTESIAN_POINT('',(-29.425,11.,44.985));
#4789=CARTESIAN_POINT('',(-29.425,11.,44.985));
#4790=CARTESIAN_POINT('',(-29.925,11.,44.485));
#4791=CARTESIAN_POINT('Origin',(-29.925,11.,44.985));
#4792=CARTESIAN_POINT('',(-42.925,11.,44.485));
#4793=CARTESIAN_POINT('',(-43.425,11.,25.985));
#4794=CARTESIAN_POINT('',(-42.925,11.,25.485));
#4795=CARTESIAN_POINT('Origin',(-42.925,11.,25.985));
#4796=CARTESIAN_POINT('',(-43.425,11.,38.985));
#4797=CARTESIAN_POINT('',(-43.425,11.,25.985));
#4798=CARTESIAN_POINT('',(-42.925,11.,39.485));
#4799=CARTESIAN_POINT('Origin',(-42.925,11.,38.985));
#4800=CARTESIAN_POINT('',(-29.925,11.,39.485));
#4801=CARTESIAN_POINT('',(-42.925,11.,39.485));
#4802=CARTESIAN_POINT('',(-29.425,11.,38.985));
#4803=CARTESIAN_POINT('Origin',(-29.925,11.,38.985));
#4804=CARTESIAN_POINT('',(-29.425,11.,25.985));
#4805=CARTESIAN_POINT('',(-29.425,11.,25.985));
#4806=CARTESIAN_POINT('',(-29.925,11.,25.485));
#4807=CARTESIAN_POINT('Origin',(-29.925,11.,25.985));
#4808=CARTESIAN_POINT('',(-42.925,11.,25.485));
#4809=CARTESIAN_POINT('',(-43.425,11.,6.985));
#4810=CARTESIAN_POINT('',(-42.925,11.,6.48499999999999));
#4811=CARTESIAN_POINT('Origin',(-42.925,11.,6.985));
#4812=CARTESIAN_POINT('',(-43.425,11.,19.985));
#4813=CARTESIAN_POINT('',(-43.425,11.,6.985));
#4814=CARTESIAN_POINT('',(-42.925,11.,20.485));
#4815=CARTESIAN_POINT('Origin',(-42.925,11.,19.985));
#4816=CARTESIAN_POINT('',(-29.925,11.,20.485));
#4817=CARTESIAN_POINT('',(-42.925,11.,20.485));
#4818=CARTESIAN_POINT('',(-29.425,11.,19.985));
#4819=CARTESIAN_POINT('Origin',(-29.925,11.,19.985));
#4820=CARTESIAN_POINT('',(-29.425,11.,6.985));
#4821=CARTESIAN_POINT('',(-29.425,11.,6.985));
#4822=CARTESIAN_POINT('',(-29.925,11.,6.485));
#4823=CARTESIAN_POINT('Origin',(-29.925,11.,6.985));
#4824=CARTESIAN_POINT('',(-42.925,11.,6.48499999999999));
#4825=CARTESIAN_POINT('',(-24.375,11.,44.985));
#4826=CARTESIAN_POINT('',(-23.875,11.,44.485));
#4827=CARTESIAN_POINT('Origin',(-23.875,11.,44.985));
#4828=CARTESIAN_POINT('',(-24.375,11.,57.985));
#4829=CARTESIAN_POINT('',(-24.375,11.,44.985));
#4830=CARTESIAN_POINT('',(-23.875,11.,58.485));
#4831=CARTESIAN_POINT('Origin',(-23.875,11.,57.985));
#4832=CARTESIAN_POINT('',(-10.875,11.,58.485));
#4833=CARTESIAN_POINT('',(-23.875,11.,58.485));
#4834=CARTESIAN_POINT('',(-10.375,11.,57.985));
#4835=CARTESIAN_POINT('Origin',(-10.875,11.,57.985));
#4836=CARTESIAN_POINT('',(-10.375,11.,44.985));
#4837=CARTESIAN_POINT('',(-10.375,11.,44.985));
#4838=CARTESIAN_POINT('',(-10.875,11.,44.485));
#4839=CARTESIAN_POINT('Origin',(-10.875,11.,44.985));
#4840=CARTESIAN_POINT('',(-23.875,11.,44.485));
#4841=CARTESIAN_POINT('Origin',(-24.375,11.,38.985));
#4842=CARTESIAN_POINT('',(-24.375,11.,25.985));
#4843=CARTESIAN_POINT('',(-24.375,11.,38.985));
#4844=CARTESIAN_POINT('Origin',(-23.875,11.,38.985));
#4845=CARTESIAN_POINT('',(-23.875,11.,39.485));
#4846=CARTESIAN_POINT('Origin',(-10.875,11.,39.485));
#4847=CARTESIAN_POINT('',(-10.875,11.,39.485));
#4848=CARTESIAN_POINT('Origin',(-10.875,11.,38.985));
#4849=CARTESIAN_POINT('',(-10.375,11.,38.985));
#4850=CARTESIAN_POINT('Origin',(-10.375,11.,25.985));
#4851=CARTESIAN_POINT('',(-10.375,11.,25.985));
#4852=CARTESIAN_POINT('Origin',(-10.875,11.,25.985));
#4853=CARTESIAN_POINT('',(-10.875,11.,25.485));
#4854=CARTESIAN_POINT('Origin',(-23.875,11.,25.485));
#4855=CARTESIAN_POINT('',(-23.875,11.,25.485));
#4856=CARTESIAN_POINT('Origin',(-23.875,11.,25.985));
#4857=CARTESIAN_POINT('Origin',(-62.475,11.,57.985));
#4858=CARTESIAN_POINT('',(-62.475,11.,44.985));
#4859=CARTESIAN_POINT('',(-62.475,11.,57.985));
#4860=CARTESIAN_POINT('Origin',(-61.975,11.,57.985));
#4861=CARTESIAN_POINT('',(-61.975,11.,58.485));
#4862=CARTESIAN_POINT('Origin',(-48.975,11.,58.485));
#4863=CARTESIAN_POINT('',(-48.975,11.,58.485));
#4864=CARTESIAN_POINT('Origin',(-48.975,11.,57.985));
#4865=CARTESIAN_POINT('',(-48.475,11.,57.985));
#4866=CARTESIAN_POINT('Origin',(-48.475,11.,44.985));
#4867=CARTESIAN_POINT('',(-48.475,11.,44.985));
#4868=CARTESIAN_POINT('Origin',(-48.975,11.,44.985));
#4869=CARTESIAN_POINT('',(-48.975,11.,44.485));
#4870=CARTESIAN_POINT('Origin',(-61.975,11.,44.485));
#4871=CARTESIAN_POINT('',(-61.975,11.,44.485));
#4872=CARTESIAN_POINT('Origin',(-61.975,11.,44.985));
#4873=CARTESIAN_POINT('Origin',(-24.375,11.,19.985));
#4874=CARTESIAN_POINT('',(-24.375,11.,6.985));
#4875=CARTESIAN_POINT('',(-24.375,11.,19.985));
#4876=CARTESIAN_POINT('Origin',(-23.875,11.,19.985));
#4877=CARTESIAN_POINT('',(-23.875,11.,20.485));
#4878=CARTESIAN_POINT('Origin',(-10.875,11.,20.485));
#4879=CARTESIAN_POINT('',(-10.875,11.,20.485));
#4880=CARTESIAN_POINT('Origin',(-10.875,11.,19.985));
#4881=CARTESIAN_POINT('',(-10.375,11.,19.985));
#4882=CARTESIAN_POINT('Origin',(-10.375,11.,6.985));
#4883=CARTESIAN_POINT('',(-10.375,11.,6.985));
#4884=CARTESIAN_POINT('Origin',(-10.875,11.,6.985));
#4885=CARTESIAN_POINT('',(-10.875,11.,6.485));
#4886=CARTESIAN_POINT('Origin',(-23.875,11.,6.48499999999999));
#4887=CARTESIAN_POINT('',(-23.875,11.,6.48499999999999));
#4888=CARTESIAN_POINT('Origin',(-23.875,11.,6.985));
#4889=CARTESIAN_POINT('Origin',(-62.475,11.,38.985));
#4890=CARTESIAN_POINT('',(-62.475,11.,25.985));
#4891=CARTESIAN_POINT('',(-62.475,11.,38.985));
#4892=CARTESIAN_POINT('Origin',(-61.975,11.,38.985));
#4893=CARTESIAN_POINT('',(-61.975,11.,39.485));
#4894=CARTESIAN_POINT('Origin',(-48.975,11.,39.485));
#4895=CARTESIAN_POINT('',(-48.975,11.,39.485));
#4896=CARTESIAN_POINT('Origin',(-48.975,11.,38.985));
#4897=CARTESIAN_POINT('',(-48.475,11.,38.985));
#4898=CARTESIAN_POINT('Origin',(-48.475,11.,25.985));
#4899=CARTESIAN_POINT('',(-48.475,11.,25.985));
#4900=CARTESIAN_POINT('Origin',(-48.975,11.,25.985));
#4901=CARTESIAN_POINT('',(-48.975,11.,25.485));
#4902=CARTESIAN_POINT('Origin',(-61.975,11.,25.485));
#4903=CARTESIAN_POINT('',(-61.975,11.,25.485));
#4904=CARTESIAN_POINT('Origin',(-61.975,11.,25.985));
#4905=CARTESIAN_POINT('Origin',(-62.475,11.,19.985));
#4906=CARTESIAN_POINT('',(-62.475,11.,6.985));
#4907=CARTESIAN_POINT('',(-62.475,11.,19.985));
#4908=CARTESIAN_POINT('Origin',(-61.975,11.,19.985));
#4909=CARTESIAN_POINT('',(-61.975,11.,20.485));
#4910=CARTESIAN_POINT('Origin',(-48.975,11.,20.485));
#4911=CARTESIAN_POINT('',(-48.975,11.,20.485));
#4912=CARTESIAN_POINT('Origin',(-48.975,11.,19.985));
#4913=CARTESIAN_POINT('',(-48.475,11.,19.985));
#4914=CARTESIAN_POINT('Origin',(-48.475,11.,6.985));
#4915=CARTESIAN_POINT('',(-48.475,11.,6.985));
#4916=CARTESIAN_POINT('Origin',(-48.975,11.,6.985));
#4917=CARTESIAN_POINT('',(-48.975,11.,6.485));
#4918=CARTESIAN_POINT('Origin',(-61.975,11.,6.48499999999999));
#4919=CARTESIAN_POINT('',(-61.975,11.,6.48499999999999));
#4920=CARTESIAN_POINT('Origin',(-61.975,11.,6.985));
#4921=CARTESIAN_POINT('Origin',(-43.425,11.,57.985));
#4922=CARTESIAN_POINT('',(-43.425,11.,44.985));
#4923=CARTESIAN_POINT('',(-43.425,11.,57.985));
#4924=CARTESIAN_POINT('Origin',(-42.925,11.,57.985));
#4925=CARTESIAN_POINT('',(-42.925,11.,58.485));
#4926=CARTESIAN_POINT('Origin',(-29.925,11.,58.485));
#4927=CARTESIAN_POINT('',(-29.925,11.,58.485));
#4928=CARTESIAN_POINT('Origin',(-29.925,11.,57.985));
#4929=CARTESIAN_POINT('',(-29.425,11.,57.985));
#4930=CARTESIAN_POINT('Origin',(-29.425,11.,44.985));
#4931=CARTESIAN_POINT('',(-29.425,11.,44.985));
#4932=CARTESIAN_POINT('Origin',(-29.925,11.,44.985));
#4933=CARTESIAN_POINT('',(-29.925,11.,44.485));
#4934=CARTESIAN_POINT('Origin',(-42.925,11.,44.485));
#4935=CARTESIAN_POINT('',(-42.925,11.,44.485));
#4936=CARTESIAN_POINT('Origin',(-42.925,11.,44.985));
#4937=CARTESIAN_POINT('Origin',(-43.425,11.,38.985));
#4938=CARTESIAN_POINT('',(-43.425,11.,25.985));
#4939=CARTESIAN_POINT('',(-43.425,11.,38.985));
#4940=CARTESIAN_POINT('Origin',(-42.925,11.,38.985));
#4941=CARTESIAN_POINT('',(-42.925,11.,39.485));
#4942=CARTESIAN_POINT('Origin',(-29.925,11.,39.485));
#4943=CARTESIAN_POINT('',(-29.925,11.,39.485));
#4944=CARTESIAN_POINT('Origin',(-29.925,11.,38.985));
#4945=CARTESIAN_POINT('',(-29.425,11.,38.985));
#4946=CARTESIAN_POINT('Origin',(-29.425,11.,25.985));
#4947=CARTESIAN_POINT('',(-29.425,11.,25.985));
#4948=CARTESIAN_POINT('Origin',(-29.925,11.,25.985));
#4949=CARTESIAN_POINT('',(-29.925,11.,25.485));
#4950=CARTESIAN_POINT('Origin',(-42.925,11.,25.485));
#4951=CARTESIAN_POINT('',(-42.925,11.,25.485));
#4952=CARTESIAN_POINT('Origin',(-42.925,11.,25.985));
#4953=CARTESIAN_POINT('Origin',(-64.8484309042983,11.,0.));
#4954=CARTESIAN_POINT('Origin',(-43.425,11.,19.985));
#4955=CARTESIAN_POINT('',(-43.425,11.,6.985));
#4956=CARTESIAN_POINT('',(-43.425,11.,19.985));
#4957=CARTESIAN_POINT('Origin',(-42.925,11.,19.985));
#4958=CARTESIAN_POINT('',(-42.925,11.,20.485));
#4959=CARTESIAN_POINT('Origin',(-29.925,11.,20.485));
#4960=CARTESIAN_POINT('',(-29.925,11.,20.485));
#4961=CARTESIAN_POINT('Origin',(-29.925,11.,19.985));
#4962=CARTESIAN_POINT('',(-29.425,11.,19.985));
#4963=CARTESIAN_POINT('Origin',(-29.425,11.,6.985));
#4964=CARTESIAN_POINT('',(-29.425,11.,6.985));
#4965=CARTESIAN_POINT('Origin',(-29.925,11.,6.985));
#4966=CARTESIAN_POINT('',(-29.925,11.,6.485));
#4967=CARTESIAN_POINT('Origin',(-42.925,11.,6.48499999999999));
#4968=CARTESIAN_POINT('',(-42.925,11.,6.48499999999999));
#4969=CARTESIAN_POINT('Origin',(-42.925,11.,6.985));
#4970=CARTESIAN_POINT('Origin',(-24.375,11.,57.985));
#4971=CARTESIAN_POINT('',(-24.375,11.,44.985));
#4972=CARTESIAN_POINT('',(-24.375,11.,57.985));
#4973=CARTESIAN_POINT('Origin',(-23.875,11.,57.985));
#4974=CARTESIAN_POINT('',(-23.875,11.,58.485));
#4975=CARTESIAN_POINT('Origin',(-10.875,11.,58.485));
#4976=CARTESIAN_POINT('',(-10.875,11.,58.485));
#4977=CARTESIAN_POINT('Origin',(-10.875,11.,57.985));
#4978=CARTESIAN_POINT('',(-10.375,11.,57.985));
#4979=CARTESIAN_POINT('Origin',(-10.375,11.,44.985));
#4980=CARTESIAN_POINT('',(-10.375,11.,44.985));
#4981=CARTESIAN_POINT('Origin',(-10.875,11.,44.985));
#4982=CARTESIAN_POINT('',(-10.875,11.,44.485));
#4983=CARTESIAN_POINT('Origin',(-23.875,11.,44.485));
#4984=CARTESIAN_POINT('',(-23.875,11.,44.485));
#4985=CARTESIAN_POINT('Origin',(-23.875,11.,44.985));
#4986=CARTESIAN_POINT('Origin',(-94.982,9.00000000000104,10.));
#4987=CARTESIAN_POINT('',(-94.982,9.00000000000104,10.));
#4988=CARTESIAN_POINT('Origin',(-94.982,9.00000000000104,4.99999999999999));
#4989=CARTESIAN_POINT('',(-89.982,9.00000000000104,5.));
#4990=CARTESIAN_POINT('Origin',(-89.982,9.00000000000104,0.));
#4991=CARTESIAN_POINT('Origin',(-10.,9.,5.));
#4992=CARTESIAN_POINT('',(-10.,9.,5.));
#4993=CARTESIAN_POINT('Origin',(-5.00000000000001,9.,5.00000000000001));
#4994=CARTESIAN_POINT('',(-5.,9.,10.));
#4995=CARTESIAN_POINT('Origin',(0.,9.,10.));
#4996=CARTESIAN_POINT('Origin',(-5.,9.00000000000086,54.985));
#4997=CARTESIAN_POINT('',(-5.,9.00000000000086,54.985));
#4998=CARTESIAN_POINT('Origin',(-5.,9.00000000000086,59.985));
#4999=CARTESIAN_POINT('',(-10.,9.00000000000086,59.985));
#5000=CARTESIAN_POINT('Origin',(-10.,9.00000000000086,64.985));
#5001=CARTESIAN_POINT('Origin',(-89.9881298395,9.00000000000086,59.985));
#5002=CARTESIAN_POINT('',(-89.9881298395,9.00000000000086,59.985));
#5003=CARTESIAN_POINT('Origin',(-94.9881298395,9.00000000000086,59.985));
#5004=CARTESIAN_POINT('',(-94.9881298395,9.00000000000086,54.985));
#5005=CARTESIAN_POINT('Origin',(-99.982,9.00000000000086,54.985));
#5006=CARTESIAN_POINT('Origin',(-4.99999999999999,9.,4.99999999999999));
#5007=CARTESIAN_POINT('',(5.,9.,4.99999999999999));
#5008=CARTESIAN_POINT('',(-5.,9.,-5.));
#5009=CARTESIAN_POINT('Origin',(-94.982,9.,-5.));
#5010=CARTESIAN_POINT('',(-94.982,9.,-5.));
#5011=CARTESIAN_POINT('Origin',(-94.982,9.,5.00000000000001));
#5012=CARTESIAN_POINT('',(-104.982,9.,4.99999999999999));
#5013=CARTESIAN_POINT('Origin',(-104.982,9.,59.985));
#5014=CARTESIAN_POINT('',(-104.982,9.,59.985));
#5015=CARTESIAN_POINT('Origin',(-94.982,9.,59.985));
#5016=CARTESIAN_POINT('',(-94.982,9.,69.985));
#5017=CARTESIAN_POINT('Origin',(-5.,9.,69.985));
#5018=CARTESIAN_POINT('',(-5.,9.,69.985));
#5019=CARTESIAN_POINT('Origin',(-5.,9.,59.985));
#5020=CARTESIAN_POINT('',(4.99999999999999,9.,59.985));
#5021=CARTESIAN_POINT('Origin',(5.,9.,4.99999999999999));
#5022=CARTESIAN_POINT('Origin',(-5.,6.,60.));
#5023=CARTESIAN_POINT('',(-5.,8.,57.65));
#5024=CARTESIAN_POINT('Origin',(-5.,8.,60.));
#5025=CARTESIAN_POINT('',(-5.,6.,57.65));
#5026=CARTESIAN_POINT('',(-5.,6.,57.65));
#5027=CARTESIAN_POINT('Origin',(-5.,6.,60.));
#5028=CARTESIAN_POINT('Origin',(-95.,6.,5.00000000000001));
#5029=CARTESIAN_POINT('',(-95.,8.,2.65000000000001));
#5030=CARTESIAN_POINT('Origin',(-95.,8.,5.00000000000001));
#5031=CARTESIAN_POINT('',(-95.,6.,2.65000000000001));
#5032=CARTESIAN_POINT('',(-95.,6.,2.65000000000001));
#5033=CARTESIAN_POINT('Origin',(-95.,6.,5.00000000000001));
#5034=CARTESIAN_POINT('Origin',(-95.,5.99999999999999,60.));
#5035=CARTESIAN_POINT('',(-95.,8.,57.65));
#5036=CARTESIAN_POINT('Origin',(-95.,8.,60.));
#5037=CARTESIAN_POINT('',(-95.,6.,57.65));
#5038=CARTESIAN_POINT('',(-95.,5.99999999999999,57.65));
#5039=CARTESIAN_POINT('Origin',(-95.,6.,60.));
#5040=CARTESIAN_POINT('Origin',(-5.,6.,4.99999999999999));
#5041=CARTESIAN_POINT('',(-4.99999999999999,8.,2.64999999999999));
#5042=CARTESIAN_POINT('Origin',(-5.,8.,4.99999999999999));
#5043=CARTESIAN_POINT('',(-5.,6.,2.64999999999999));
#5044=CARTESIAN_POINT('',(-4.99999999999999,6.,2.64999999999999));
#5045=CARTESIAN_POINT('Origin',(-5.,6.,4.99999999999999));
#5046=CARTESIAN_POINT('Origin',(-100.,7.99999999999999,60.));
#5047=CARTESIAN_POINT('',(-100.,8.,5.));
#5048=CARTESIAN_POINT('',(-100.,7.99999999999999,60.));
#5049=CARTESIAN_POINT('',(-100.,8.,5.));
#5050=CARTESIAN_POINT('',(-100.,6.,5.));
#5051=CARTESIAN_POINT('',(-100.,8.,5.));
#5052=CARTESIAN_POINT('',(-100.,5.99999999999999,60.));
#5053=CARTESIAN_POINT('',(-100.,6.,5.));
#5054=CARTESIAN_POINT('',(-100.,7.99999999999999,60.));
#5055=CARTESIAN_POINT('Origin',(-95.,7.99999999999999,60.));
#5056=CARTESIAN_POINT('',(-95.,7.99999999999999,65.));
#5057=CARTESIAN_POINT('Origin',(-95.,7.99999999999999,60.));
#5058=CARTESIAN_POINT('',(-95.,5.99999999999999,65.));
#5059=CARTESIAN_POINT('Origin',(-95.,6.,60.));
#5060=CARTESIAN_POINT('',(-95.,7.99999999999999,65.));
#5061=CARTESIAN_POINT('Origin',(-5.,8.,65.));
#5062=CARTESIAN_POINT('',(-5.,8.,65.));
#5063=CARTESIAN_POINT('',(-95.,7.99999999999999,65.));
#5064=CARTESIAN_POINT('',(-5.,6.,65.));
#5065=CARTESIAN_POINT('',(-95.,5.99999999999999,65.));
#5066=CARTESIAN_POINT('',(-5.,8.,65.));
#5067=CARTESIAN_POINT('Origin',(-5.,8.,60.));
#5068=CARTESIAN_POINT('',(3.88578058618805E-15,8.,60.));
#5069=CARTESIAN_POINT('Origin',(-5.,8.,60.));
#5070=CARTESIAN_POINT('',(0.,6.,60.));
#5071=CARTESIAN_POINT('Origin',(-5.,6.,60.));
#5072=CARTESIAN_POINT('',(3.88578058618805E-15,8.,60.));
#5073=CARTESIAN_POINT('Origin',(0.,8.,5.));
#5074=CARTESIAN_POINT('',(0.,8.,5.));
#5075=CARTESIAN_POINT('',(3.88578058618805E-15,8.,60.));
#5076=CARTESIAN_POINT('',(0.,6.,5.));
#5077=CARTESIAN_POINT('',(3.88578058618805E-15,6.,60.));
#5078=CARTESIAN_POINT('',(0.,8.,5.));
#5079=CARTESIAN_POINT('Origin',(-5.,8.,4.99999999999999));
#5080=CARTESIAN_POINT('',(-5.,8.,-1.11022302462516E-15));
#5081=CARTESIAN_POINT('Origin',(-5.,8.,4.99999999999999));
#5082=CARTESIAN_POINT('',(-5.,6.,-1.11022302462516E-15));
#5083=CARTESIAN_POINT('Origin',(-5.,6.,4.99999999999999));
#5084=CARTESIAN_POINT('',(-5.,8.,-1.11022302462516E-15));
#5085=CARTESIAN_POINT('Origin',(-95.,8.,0.));
#5086=CARTESIAN_POINT('',(-95.,8.,0.));
#5087=CARTESIAN_POINT('',(-5.,8.,-1.11022302462516E-15));
#5088=CARTESIAN_POINT('',(-95.,6.,-1.22014470820169E-32));
#5089=CARTESIAN_POINT('',(-5.,6.,-1.11022302462516E-15));
#5090=CARTESIAN_POINT('',(-95.,8.,0.));
#5091=CARTESIAN_POINT('Origin',(-95.,8.,5.00000000000001));
#5092=CARTESIAN_POINT('Origin',(-95.,8.,5.00000000000001));
#5093=CARTESIAN_POINT('Origin',(-95.,6.,5.00000000000001));
#5094=CARTESIAN_POINT('Origin',(-50.,8.,32.5));
#5095=CARTESIAN_POINT('Origin',(-50.,6.,32.5));
#5096=UNCERTAINTY_MEASURE_WITH_UNIT(LENGTH_MEASURE(0.01),#5100,
'DISTANCE_ACCURACY_VALUE',
'Maximum model space distance between geometric entities at asserted c
onnectivities');
#5097=UNCERTAINTY_MEASURE_WITH_UNIT(LENGTH_MEASURE(0.01),#5100,
'DISTANCE_ACCURACY_VALUE',
'Maximum model space distance between geometric entities at asserted c
onnectivities');
#5098=(
GEOMETRIC_REPRESENTATION_CONTEXT(3)
GLOBAL_UNCERTAINTY_ASSIGNED_CONTEXT((#5096))
GLOBAL_UNIT_ASSIGNED_CONTEXT((#5100,#5102,#5103))
REPRESENTATION_CONTEXT('','3D')
);
#5099=(
GEOMETRIC_REPRESENTATION_CONTEXT(3)
GLOBAL_UNCERTAINTY_ASSIGNED_CONTEXT((#5097))
GLOBAL_UNIT_ASSIGNED_CONTEXT((#5100,#5102,#5103))
REPRESENTATION_CONTEXT('','3D')
);
#5100=(
LENGTH_UNIT()
NAMED_UNIT(*)
SI_UNIT(.MILLI.,.METRE.)
);
#5101=(
LENGTH_UNIT()
NAMED_UNIT(*)
SI_UNIT($,.METRE.)
);
#5102=(
NAMED_UNIT(*)
PLANE_ANGLE_UNIT()
SI_UNIT($,.RADIAN.)
);
#5103=(
NAMED_UNIT(*)
SI_UNIT($,.STERADIAN.)
SOLID_ANGLE_UNIT()
);
#5104=SHAPE_DEFINITION_REPRESENTATION(#5105,#5106);
#5105=PRODUCT_DEFINITION_SHAPE('',$,#5108);
#5106=SHAPE_REPRESENTATION('',(#3048),#5098);
#5107=PRODUCT_DEFINITION_CONTEXT('part definition',#5112,'design');
#5108=PRODUCT_DEFINITION('2026-07-27-19-52-51-280','realCaseForHackpad',
#5109,#5107);
#5109=PRODUCT_DEFINITION_FORMATION('',$,#5114);
#5110=PRODUCT_RELATED_PRODUCT_CATEGORY('realCaseForHackpad',
'realCaseForHackpad',(#5114));
#5111=APPLICATION_PROTOCOL_DEFINITION('international standard',
'automotive_design',2009,#5112);
#5112=APPLICATION_CONTEXT(
'Core Data for Automotive Mechanical Design Process');
#5113=PRODUCT_CONTEXT('part definition',#5112,'mechanical');
#5114=PRODUCT('2026-07-27-19-52-51-280','realCaseForHackpad',$,(#5113));
#5115=PRESENTATION_STYLE_ASSIGNMENT((#5116));
#5116=SURFACE_STYLE_USAGE(.BOTH.,#5117);
#5117=SURFACE_SIDE_STYLE('',(#5118));
#5118=SURFACE_STYLE_FILL_AREA(#5119);
#5119=FILL_AREA_STYLE('Steel - Satin',(#5120));
#5120=FILL_AREA_STYLE_COLOUR('Steel - Satin',#5121);
#5121=COLOUR_RGB('Steel - Satin',0.627450980392157,0.627450980392157,0.627450980392157);
ENDSEC;
END-ISO-10303-21;
